Open,High,Low,Close,Adj Close,Volume,Return,Date,Week_Number,Year,Day,Weekday,mean_return,volatility
1027.199951171875,1060.7900390625,1025.280029296875,1054.6800537109375,1054.6800537109375,1593400,0.0,2019-01-02,00,2019,2,Wednesday,0.7863333333333332,4.0077787280903285
1050.6700439453125,1066.260009765625,1022.3699951171875,1025.469970703125,1025.469970703125,2098000,-2.77,2019-01-03,00,2019,3,Thursday,0.7863333333333332,4.0077787280903285
1042.56005859375,1080.0,1036.8599853515625,1078.0699462890625,1078.0699462890625,2301100,5.129,2019-01-04,00,2019,4,Friday,0.7863333333333332,4.0077787280903285
1080.969970703125,1082.699951171875,1062.6400146484375,1075.9200439453125,1075.9200439453125,2372300,-0.199,2019-01-07,01,2019,7,Monday,-0.2512,0.7829924648424147
1086.0,1093.3499755859375,1068.3499755859375,1085.3699951171875,1085.3699951171875,1770700,0.878,2019-01-08,01,2019,8,Tuesday,-0.2512,0.7829924648424147
1087.989990234375,1091.6400146484375,1074.3699951171875,1081.6500244140625,1081.6500244140625,1349900,-0.343,2019-01-09,01,2019,9,Wednesday,-0.2512,0.7829924648424147
1074.93994140625,1079.81005859375,1064.6800537109375,1078.8299560546875,1078.8299560546875,1329900,-0.261,2019-01-10,01,2019,10,Thursday,-0.2512,0.7829924648424147
1069.9000244140625,1073.3699951171875,1056.4300537109375,1064.469970703125,1064.469970703125,1543200,-1.331,2019-01-11,01,2019,11,Friday,-0.2512,0.7829924648424147
1053.3399658203125,1058.449951171875,1048.550048828125,1051.510009765625,1051.510009765625,1424500,-1.218,2019-01-14,02,2019,14,Monday,0.8026000000000002,1.6395553665552134
1058.010009765625,1088.27001953125,1054.43994140625,1086.510009765625,1086.510009765625,1875900,3.329,2019-01-15,02,2019,15,Tuesday,0.8026000000000002,1.6395553665552134
1090.0,1102.3599853515625,1088.010009765625,1089.510009765625,1089.510009765625,1914000,0.276,2019-01-16,02,2019,16,Wednesday,0.8026000000000002,1.6395553665552134
1087.989990234375,1100.699951171875,1083.260009765625,1099.1199951171875,1099.1199951171875,1244800,0.882,2019-01-17,02,2019,17,Thursday,0.8026000000000002,1.6395553665552134
1108.5899658203125,1118.0,1099.280029296875,1107.300048828125,1107.300048828125,2244600,0.744,2019-01-18,02,2019,18,Friday,0.8026000000000002,1.6395553665552134
1096.0,1098.969970703125,1070.8900146484375,1078.6300048828125,1078.6300048828125,1981600,-2.589,2019-01-22,03,2019,22,Tuesday,-0.11899999999999994,1.7835584281617092
1086.8599853515625,1092.949951171875,1067.5699462890625,1084.4100341796875,1084.4100341796875,1259700,0.536,2019-01-23,03,2019,23,Wednesday,-0.11899999999999994,1.7835584281617092
1082.510009765625,1088.0,1070.02001953125,1084.0,1084.0,1455700,-0.038,2019-01-24,03,2019,24,Thursday,-0.11899999999999994,1.7835584281617092
1094.22998046875,1103.3599853515625,1091.800048828125,1101.510009765625,1101.510009765625,1163000,1.615,2019-01-25,03,2019,25,Friday,-0.11899999999999994,1.7835584281617092
1090.0699462890625,1093.3699951171875,1074.6099853515625,1079.8599853515625,1079.8599853515625,1466700,-1.965,2019-01-28,04,2019,28,Monday,0.3263999999999999,2.1118180082573406
1081.0400390625,1084.72998046875,1066.02001953125,1070.06005859375,1070.06005859375,985200,-0.908,2019-01-29,04,2019,29,Tuesday,0.3263999999999999,2.1118180082573406
1077.3599853515625,1099.52001953125,1076.6400146484375,1097.989990234375,1097.989990234375,1472600,2.61,2019-01-30,04,2019,30,Wednesday,0.3263999999999999,2.1118180082573406
1112.239990234375,1127.6700439453125,1105.25,1125.8900146484375,1125.8900146484375,2011600,2.541,2019-01-31,04,2019,31,Thursday,0.3263999999999999,2.1118180082573406
1122.2900390625,1134.4000244140625,1114.25,1118.6199951171875,1118.6199951171875,1655800,-0.646,2019-02-01,04,2019,1,Friday,0.3263999999999999,2.1118180082573406
1119.010009765625,1142.3399658203125,1117.510009765625,1141.4200439453125,1141.4200439453125,3920400,2.038,2019-02-04,05,2019,4,Monday,-0.27860000000000007,1.825004876705813
1129.6300048828125,1152.77001953125,1123.5999755859375,1151.8699951171875,1151.8699951171875,4114800,0.916,2019-02-05,05,2019,5,Tuesday,-0.27860000000000007,1.825004876705813
1149.27001953125,1154.0,1118.3599853515625,1122.8900146484375,1122.8900146484375,2412800,-2.516,2019-02-06,05,2019,6,Wednesday,-0.27860000000000007,1.825004876705813
1111.8199462890625,1111.989990234375,1093.5899658203125,1105.9100341796875,1105.9100341796875,1914900,-1.512,2019-02-07,05,2019,7,Thursday,-0.27860000000000007,1.825004876705813
1094.8800048828125,1105.0999755859375,1094.239990234375,1102.3800048828125,1102.3800048828125,1088300,-0.319,2019-02-08,05,2019,8,Friday,-0.27860000000000007,1.825004876705813
1103.75,1113.4300537109375,1100.0,1102.1199951171875,1102.1199951171875,924900,-0.024,2019-02-11,06,2019,11,Monday,0.31639999999999996,1.179479673415358
1111.010009765625,1132.8599853515625,1111.010009765625,1127.5799560546875,1127.5799560546875,1751800,2.31,2019-02-12,06,2019,12,Tuesday,0.31639999999999996,1.179479673415358
1133.0400390625,1142.8499755859375,1126.0,1128.6300048828125,1128.6300048828125,1402100,0.093,2019-02-13,06,2019,13,Wednesday,0.31639999999999996,1.179479673415358
1125.0,1136.1300048828125,1117.0899658203125,1129.199951171875,1129.199951171875,1055300,0.05,2019-02-14,06,2019,14,Thursday,0.31639999999999996,1.179479673415358
1139.300048828125,1139.300048828125,1116.719970703125,1119.6300048828125,1119.6300048828125,1391300,-0.847,2019-02-15,06,2019,15,Friday,0.31639999999999996,1.179479673415358
1116.6400146484375,1129.6400146484375,1116.6400146484375,1126.510009765625,1126.510009765625,1099000,0.614,2019-02-19,07,2019,19,Tuesday,-0.064,1.158253858184811
1128.8800048828125,1130.9300537109375,1111.75,1120.5899658203125,1120.5899658203125,1204500,-0.526,2019-02-20,07,2019,20,Wednesday,-0.064,1.158253858184811
1118.780029296875,1119.1500244140625,1097.97998046875,1104.2099609375,1104.2099609375,1663600,-1.462,2019-02-21,07,2019,21,Thursday,-0.064,1.158253858184811
1109.699951171875,1117.25,1100.5,1116.56005859375,1116.56005859375,1471800,1.118,2019-02-22,07,2019,22,Friday,-0.064,1.158253858184811
1121.9300537109375,1125.4000244140625,1114.1099853515625,1117.3299560546875,1117.3299560546875,1310400,0.069,2019-02-25,08,2019,25,Monday,0.5683999999999999,0.787367322156565
1114.3699951171875,1126.43994140625,1106.699951171875,1122.010009765625,1122.010009765625,1751300,0.419,2019-02-26,08,2019,26,Tuesday,0.5683999999999999,0.787367322156565
1114.010009765625,1125.72998046875,1108.56005859375,1122.8900146484375,1122.8900146484375,1104600,0.078,2019-02-27,08,2019,27,Wednesday,0.5683999999999999,0.787367322156565
1119.0,1133.989990234375,1118.4100341796875,1126.550048828125,1126.550048828125,1371100,0.326,2019-02-28,08,2019,28,Thursday,0.5683999999999999,0.787367322156565
1131.0,1150.0,1131.0,1148.52001953125,1148.52001953125,1704300,1.95,2019-03-01,08,2019,1,Friday,0.5683999999999999,0.787367322156565
1154.56005859375,1165.52001953125,1138.25,1153.4200439453125,1153.4200439453125,1774500,0.427,2019-03-04,09,2019,4,Monday,0.029000000000000015,0.9550468574892019
1156.0,1176.489990234375,1153.02001953125,1169.18994140625,1169.18994140625,2004700,1.367,2019-03-05,09,2019,5,Tuesday,0.029000000000000015,0.9550468574892019
1171.760009765625,1174.739990234375,1163.050048828125,1164.93994140625,1164.93994140625,1180100,-0.363,2019-03-06,09,2019,6,Wednesday,0.029000000000000015,0.9550468574892019
1160.5,1163.5799560546875,1141.7099609375,1150.8499755859375,1150.8499755859375,1504300,-1.21,2019-03-07,09,2019,7,Thursday,0.029000000000000015,0.9550468574892019
1133.9000244140625,1153.449951171875,1130.199951171875,1149.969970703125,1149.969970703125,1184700,-0.076,2019-03-08,09,2019,8,Friday,0.029000000000000015,0.9550468574892019
1152.0,1179.9100341796875,1151.5699462890625,1179.260009765625,1179.260009765625,1501600,2.547,2019-03-11,10,2019,11,Monday,0.6984000000000001,1.2972921028049158
1182.300048828125,1205.7099609375,1182.300048828125,1197.25,1197.25,2111000,1.526,2019-03-12,10,2019,12,Tuesday,0.6984000000000001,1.2972921028049158
1205.9300537109375,1207.1199951171875,1197.9100341796875,1199.06005859375,1199.06005859375,1294400,0.151,2019-03-13,10,2019,13,Wednesday,0.6984000000000001,1.2972921028049158
1199.02001953125,1204.699951171875,1191.22998046875,1192.530029296875,1192.530029296875,1365100,-0.545,2019-03-14,10,2019,14,Thursday,0.6984000000000001,1.2972921028049158
1198.0,1201.719970703125,1187.010009765625,1190.300048828125,1190.300048828125,2594300,-0.187,2019-03-15,10,2019,15,Friday,0.6984000000000001,1.2972921028049158
1189.68994140625,1194.949951171875,1181.47998046875,1188.550048828125,1188.550048828125,1222100,-0.147,2019-03-18,11,2019,18,Monday,0.30060000000000003,1.6465762357085079
1191.719970703125,1203.4100341796875,1189.4599609375,1202.4599609375,1202.4599609375,1489400,1.17,2019-03-19,11,2019,19,Tuesday,0.30060000000000003,1.6465762357085079
1201.4000244140625,1229.989990234375,1199.5899658203125,1226.4300537109375,1226.4300537109375,2075400,1.993,2019-03-20,11,2019,20,Wednesday,0.30060000000000003,1.6465762357085079
1220.0,1236.43994140625,1216.5799560546875,1236.1300048828125,1236.1300048828125,1407500,0.791,2019-03-21,11,2019,21,Thursday,0.30060000000000003,1.6465762357085079
1228.8499755859375,1233.6300048828125,1206.0,1207.6500244140625,1207.6500244140625,1721100,-2.304,2019-03-22,11,2019,22,Friday,0.30060000000000003,1.6465762357085079
1199.56005859375,1209.43994140625,1190.0,1197.3800048828125,1197.3800048828125,1378800,-0.85,2019-03-25,12,2019,25,Monday,-0.5134000000000001,0.5435860557446263
1205.18994140625,1207.6500244140625,1181.760009765625,1189.8399658203125,1189.8399658203125,1537600,-0.63,2019-03-26,12,2019,26,Tuesday,-0.5134000000000001,0.5435860557446263
1191.9200439453125,1191.9200439453125,1164.22998046875,1178.010009765625,1178.010009765625,1471400,-0.994,2019-03-27,12,2019,27,Wednesday,-0.5134000000000001,0.5435860557446263
1175.5,1177.25,1163.4300537109375,1172.27001953125,1172.27001953125,1120100,-0.487,2019-03-28,12,2019,28,Thursday,-0.5134000000000001,0.5435860557446263
1180.1800537109375,1183.969970703125,1166.3800048828125,1176.8900146484375,1176.8900146484375,1544500,0.394,2019-03-29,12,2019,29,Friday,-0.5134000000000001,0.5435860557446263
1187.5400390625,1200.199951171875,1186.3599853515625,1198.97998046875,1198.97998046875,1385300,1.877,2019-04-01,13,2019,1,Monday,0.5837999999999999,0.9012944579880652
1200.050048828125,1205.81005859375,1191.239990234375,1205.5400390625,1205.5400390625,914400,0.547,2019-04-02,13,2019,2,Tuesday,0.5837999999999999,0.9012944579880652
1212.699951171875,1220.5999755859375,1205.0799560546875,1210.81005859375,1210.81005859375,1109000,0.437,2019-04-03,13,2019,3,Wednesday,0.5837999999999999,0.9012944579880652
1211.2900390625,1220.550048828125,1209.0400390625,1219.449951171875,1219.449951171875,1051100,0.714,2019-04-04,13,2019,4,Thursday,0.5837999999999999,0.9012944579880652
1219.300048828125,1220.3900146484375,1210.030029296875,1211.449951171875,1211.449951171875,1000600,-0.656,2019-04-05,13,2019,5,Friday,0.5837999999999999,0.9012944579880652
1211.1099853515625,1213.949951171875,1204.699951171875,1208.280029296875,1208.280029296875,1087500,-0.262,2019-04-08,14,2019,8,Monday,0.1868,0.6028073489930261
1201.8900146484375,1207.1500244140625,1198.3800048828125,1202.68994140625,1202.68994140625,983400,-0.463,2019-04-09,14,2019,9,Tuesday,0.1868,0.6028073489930261
1205.0899658203125,1208.93994140625,1200.6600341796875,1206.449951171875,1206.449951171875,775500,0.313,2019-04-10,14,2019,10,Wednesday,0.1868,0.6028073489930261
1208.9000244140625,1212.739990234375,1204.5400390625,1209.5899658203125,1209.5899658203125,849900,0.26,2019-04-11,14,2019,11,Thursday,0.1868,0.6028073489930261
1215.6199951171875,1223.050048828125,1213.2900390625,1222.72998046875,1222.72998046875,1215600,1.086,2019-04-12,14,2019,12,Friday,0.1868,0.6028073489930261
1224.0899658203125,1229.300048828125,1214.56005859375,1226.530029296875,1226.530029296875,1189800,0.311,2019-04-15,15,2019,15,Monday,0.38125000000000003,0.23502393495131513
1230.0,1235.97998046875,1225.0400390625,1231.9100341796875,1231.9100341796875,1131100,0.439,2019-04-16,15,2019,16,Tuesday,0.38125000000000003,0.23502393495131513
1237.0,1245.0999755859375,1232.9000244140625,1240.1400146484375,1240.1400146484375,1518300,0.668,2019-04-17,15,2019,17,Wednesday,0.38125000000000003,0.23502393495131513
1245.0,1245.93994140625,1239.4100341796875,1241.469970703125,1241.469970703125,1237500,0.107,2019-04-18,15,2019,18,Thursday,0.38125000000000003,0.23502393495131513
1236.6700439453125,1254.3399658203125,1233.3699951171875,1253.760009765625,1253.760009765625,954200,0.99,2019-04-22,16,2019,22,Monday,0.5751999999999999,0.8341095251823948
1256.6400146484375,1274.4300537109375,1251.969970703125,1270.5899658203125,1270.5899658203125,1593400,1.342,2019-04-23,16,2019,23,Tuesday,0.5751999999999999,0.8341095251823948
1270.5899658203125,1274.0,1259.81005859375,1260.050048828125,1260.050048828125,1169800,-0.83,2019-04-24,16,2019,24,Wednesday,0.5751999999999999,0.8341095251823948
1270.300048828125,1272.800048828125,1258.0,1267.3399658203125,1267.3399658203125,1567200,0.579,2019-04-25,16,2019,25,Thursday,0.5751999999999999,0.8341095251823948
1273.3800048828125,1278.9100341796875,1265.0,1277.4200439453125,1277.4200439453125,1361400,0.795,2019-04-26,16,2019,26,Friday,0.5751999999999999,0.8341095251823948
1280.510009765625,1296.969970703125,1271.7099609375,1296.199951171875,1296.199951171875,3618400,1.47,2019-04-29,17,2019,29,Monday,-1.3552,3.8101973308478394
1190.6300048828125,1200.97998046875,1183.0,1198.9599609375,1198.9599609375,6658900,-7.502,2019-04-30,17,2019,30,Tuesday,-1.3552,3.8101973308478394
1197.5,1199.25,1171.6800537109375,1173.3199462890625,1173.3199462890625,3717000,-2.139,2019-05-01,17,2019,1,Wednesday,-1.3552,3.8101973308478394
1172.5999755859375,1179.3800048828125,1158.3299560546875,1166.510009765625,1166.510009765625,2254900,-0.58,2019-05-02,17,2019,2,Thursday,-1.3552,3.8101973308478394
1177.4100341796875,1191.4000244140625,1173.550048828125,1189.550048828125,1189.550048828125,2079400,1.975,2019-05-03,17,2019,3,Friday,-1.3552,3.8101973308478394
1172.0,1195.4300537109375,1171.1600341796875,1193.4599609375,1193.4599609375,1588700,0.329,2019-05-06,18,2019,6,Monday,-0.36940000000000006,0.6019338003468488
1185.81005859375,1194.77001953125,1165.0,1178.8599853515625,1178.8599853515625,1830200,-1.223,2019-05-07,18,2019,7,Tuesday,-0.36940000000000006,0.6019338003468488
1177.2900390625,1184.27001953125,1167.6300048828125,1170.780029296875,1170.780029296875,1276000,-0.685,2019-05-08,18,2019,8,Wednesday,-0.36940000000000006,0.6019338003468488
1162.5999755859375,1174.0699462890625,1154.6400146484375,1167.969970703125,1167.969970703125,1477800,-0.24,2019-05-09,18,2019,9,Thursday,-0.36940000000000006,0.6019338003468488
1168.8399658203125,1176.280029296875,1146.3699951171875,1167.6400146484375,1167.6400146484375,1582500,-0.028,2019-05-10,18,2019,10,Friday,-0.36940000000000006,0.6019338003468488
1145.239990234375,1151.969970703125,1125.5,1136.5899658203125,1136.5899658203125,2281300,-2.659,2019-05-13,19,2019,13,Monday,0.04719999999999995,2.6425863656652737
1142.3199462890625,1144.8699951171875,1123.530029296875,1124.8599853515625,1124.8599853515625,2019600,-1.032,2019-05-14,19,2019,14,Tuesday,0.04719999999999995,2.6425863656652737
1122.550048828125,1178.300048828125,1121.4000244140625,1170.800048828125,1170.800048828125,2965100,4.084,2019-05-15,19,2019,15,Wednesday,0.04719999999999995,2.6425863656652737
1171.8399658203125,1194.1600341796875,1168.449951171875,1184.5,1184.5,1765400,1.17,2019-05-16,19,2019,16,Thursday,0.04719999999999995,2.6425863656652737
1175.8299560546875,1186.2900390625,1166.4200439453125,1168.780029296875,1168.780029296875,1268100,-1.327,2019-05-17,19,2019,17,Friday,0.04719999999999995,2.6425863656652737
1153.0,1153.0,1138.1400146484375,1144.6600341796875,1144.6600341796875,1530100,-2.064,2019-05-20,20,2019,20,Monday,-0.517,1.0999859090006563
1154.47998046875,1158.0,1143.31005859375,1154.43994140625,1154.43994140625,1028100,0.854,2019-05-21,20,2019,21,Tuesday,-0.517,1.0999859090006563
1151.25,1163.780029296875,1151.0,1155.8499755859375,1155.8499755859375,941300,0.122,2019-05-22,20,2019,22,Wednesday,-0.517,1.0999859090006563
1146.0699462890625,1150.050048828125,1133.1600341796875,1145.3399658203125,1145.3399658203125,1260700,-0.909,2019-05-23,20,2019,23,Thursday,-0.517,1.0999859090006563
1152.0,1154.3599853515625,1136.7099609375,1138.6099853515625,1138.6099853515625,927700,-0.588,2019-05-24,20,2019,24,Friday,-0.517,1.0999859090006563
1141.47998046875,1156.489990234375,1138.6700439453125,1139.56005859375,1139.56005859375,1047400,0.083,2019-05-28,21,2019,28,Tuesday,-0.7095,0.9564993465758354
1132.699951171875,1135.0,1111.949951171875,1119.93994140625,1119.93994140625,1811500,-1.722,2019-05-29,21,2019,29,Wednesday,-0.7095,0.9564993465758354
1120.1500244140625,1126.800048828125,1115.9000244140625,1121.4100341796875,1121.4100341796875,904400,0.131,2019-05-30,21,2019,30,Thursday,-0.7095,0.9564993465758354
1105.6400146484375,1113.4000244140625,1103.3499755859375,1106.5,1106.5,1579100,-1.33,2019-05-31,21,2019,31,Friday,-0.7095,0.9564993465758354
1066.9300537109375,1067.0,1027.030029296875,1038.739990234375,1038.739990234375,4844500,-6.124,2019-06-03,22,2019,3,Monday,-0.6551999999999999,3.2590659244636337
1044.489990234375,1058.43994140625,1036.030029296875,1054.489990234375,1054.489990234375,3025600,1.516,2019-06-04,22,2019,4,Tuesday,-0.6551999999999999,3.2590659244636337
1055.0,1056.81005859375,1033.0,1044.6400146484375,1044.6400146484375,2349400,-0.934,2019-06-05,22,2019,5,Wednesday,-0.6551999999999999,3.2590659244636337
1046.2099609375,1050.0,1035.510009765625,1047.760009765625,1047.760009765625,1451000,0.299,2019-06-06,22,2019,6,Thursday,-0.6551999999999999,3.2590659244636337
1054.280029296875,1073.4300537109375,1051.1500244140625,1068.3699951171875,1068.3699951171875,2191400,1.967,2019-06-07,22,2019,7,Friday,-0.6551999999999999,3.2590659244636337
1077.0,1094.8399658203125,1075.280029296875,1082.760009765625,1082.760009765625,1425500,1.347,2019-06-10,23,2019,10,Monday,0.3362,0.8234104079983444
1096.989990234375,1104.010009765625,1079.5699462890625,1081.0400390625,1081.0400390625,1675400,-0.159,2019-06-11,23,2019,11,Tuesday,0.3362,0.8234104079983444
1079.949951171875,1082.52001953125,1069.5999755859375,1079.0999755859375,1079.0999755859375,1183500,-0.179,2019-06-12,23,2019,12,Wednesday,0.3362,0.8234104079983444
1084.7099609375,1096.5899658203125,1082.5699462890625,1091.010009765625,1091.010009765625,1040700,1.104,2019-06-13,23,2019,13,Thursday,0.3362,0.8234104079983444
1089.739990234375,1094.760009765625,1081.47998046875,1086.300048828125,1086.300048828125,1229100,-0.432,2019-06-14,23,2019,14,Friday,0.3362,0.8234104079983444
1089.0999755859375,1101.280029296875,1088.0,1093.8900146484375,1093.8900146484375,988500,0.699,2019-06-17,24,2019,17,Monday,0.7102,0.4643540674959142
1111.5,1118.780029296875,1100.7900390625,1105.239990234375,1105.239990234375,1726300,1.038,2019-06-18,24,2019,18,Tuesday,0.7102,0.4643540674959142
1107.239990234375,1109.4300537109375,1096.030029296875,1104.510009765625,1104.510009765625,1335700,-0.066,2019-06-19,24,2019,19,Wednesday,0.7102,0.4643540674959142
1121.699951171875,1122.719970703125,1107.0,1113.199951171875,1113.199951171875,1200900,0.787,2019-06-20,24,2019,20,Thursday,0.7102,0.4643540674959142
1109.8599853515625,1126.5699462890625,1109.719970703125,1125.3699951171875,1125.3699951171875,2538700,1.093,2019-06-21,24,2019,21,Friday,0.7102,0.4643540674959142
1120.0,1123.5699462890625,1113.31005859375,1116.699951171875,1116.699951171875,1211800,-0.77,2019-06-24,25,2019,24,Monday,-0.763,1.159227760192103
1115.0799560546875,1115.699951171875,1084.5999755859375,1087.5799560546875,1087.5799560546875,1582200,-2.608,2019-06-25,25,2019,25,Tuesday,-0.763,1.159227760192103
1091.0,1095.1199951171875,1073.68994140625,1080.3199462890625,1080.3199462890625,1734900,-0.668,2019-06-26,25,2019,26,Wednesday,-0.763,1.159227760192103
1086.75,1088.4599609375,1075.8499755859375,1076.6300048828125,1076.6300048828125,1203900,-0.342,2019-06-27,25,2019,27,Thursday,-0.763,1.159227760192103
1077.22998046875,1082.800048828125,1073.800048828125,1082.800048828125,1082.800048828125,1683600,0.573,2019-06-28,25,2019,28,Friday,-0.763,1.159227760192103
1101.0400390625,1108.5899658203125,1095.3299560546875,1100.0,1100.0,1459800,1.588,2019-07-01,26,2019,1,Monday,1.13225,0.3267051422919449
1104.8299560546875,1112.8900146484375,1099.6700439453125,1112.5999755859375,1112.5999755859375,1031500,1.145,2019-07-02,26,2019,2,Tuesday,1.13225,0.3267051422919449
1118.5,1127.989990234375,1114.8499755859375,1122.989990234375,1122.989990234375,1007700,0.934,2019-07-03,26,2019,3,Wednesday,1.13225,0.3267051422919449
1119.3699951171875,1134.6500244140625,1117.5,1132.6700439453125,1132.6700439453125,1489700,0.862,2019-07-05,26,2019,5,Friday,1.13225,0.3267051422919449
1125.8699951171875,1127.2099609375,1111.760009765625,1116.7900390625,1116.7900390625,1494400,-1.402,2019-07-08,27,2019,8,Monday,0.22720000000000007,1.052729404927971
1110.3199462890625,1127.8599853515625,1107.1500244140625,1124.2900390625,1124.2900390625,1473600,0.672,2019-07-09,27,2019,9,Tuesday,0.22720000000000007,1.052729404927971
1132.3199462890625,1142.3399658203125,1130.6600341796875,1140.9100341796875,1140.9100341796875,1535500,1.478,2019-07-10,27,2019,10,Wednesday,0.22720000000000007,1.052729404927971
1146.1600341796875,1153.239990234375,1139.530029296875,1144.0799560546875,1144.0799560546875,1300200,0.278,2019-07-11,27,2019,11,Thursday,0.22720000000000007,1.052729404927971
1142.9300537109375,1147.5,1138.56005859375,1145.3399658203125,1145.3399658203125,1093900,0.11,2019-07-12,27,2019,12,Friday,0.22720000000000007,1.052729404927971
1145.3399658203125,1150.6800537109375,1140.0,1150.510009765625,1150.510009765625,1058200,0.451,2019-07-15,28,2019,15,Monday,-0.24,0.7406392509177461
1146.72998046875,1158.5799560546875,1146.72998046875,1153.4599609375,1153.4599609375,1267600,0.256,2019-07-16,28,2019,16,Tuesday,-0.24,0.7406392509177461
1150.9200439453125,1158.43994140625,1146.6199951171875,1146.739990234375,1146.739990234375,976900,-0.583,2019-07-17,28,2019,17,Wednesday,-0.24,0.7406392509177461
1142.0,1148.1700439453125,1132.8599853515625,1147.239990234375,1147.239990234375,1272500,0.044,2019-07-18,28,2019,18,Thursday,-0.24,0.7406392509177461
1149.3199462890625,1151.5799560546875,1131.25,1131.550048828125,1131.550048828125,1159200,-1.368,2019-07-19,28,2019,19,Friday,-0.24,0.7406392509177461
1135.469970703125,1140.02001953125,1125.2099609375,1139.2099609375,1139.2099609375,1445700,0.677,2019-07-22,29,2019,22,Monday,2.0029999999999997,4.306430482429734
1143.449951171875,1148.8599853515625,1132.8499755859375,1148.050048828125,1148.050048828125,1032400,0.776,2019-07-23,29,2019,23,Tuesday,2.0029999999999997,4.306430482429734
1132.6199951171875,1145.4599609375,1128.510009765625,1139.72998046875,1139.72998046875,1359600,-0.725,2019-07-24,29,2019,24,Wednesday,2.0029999999999997,4.306430482429734
1138.949951171875,1143.5899658203125,1123.7099609375,1135.93994140625,1135.93994140625,2738100,-0.333,2019-07-25,29,2019,25,Thursday,2.0029999999999997,4.306430482429734
1228.0,1268.3900146484375,1228.0,1245.219970703125,1245.219970703125,6060800,9.62,2019-07-26,29,2019,26,Friday,2.0029999999999997,4.306430482429734
1242.5,1248.989990234375,1230.199951171875,1241.8399658203125,1241.8399658203125,2069100,-0.271,2019-07-29,30,2019,29,Monday,-0.7972000000000001,0.4121610122270179
1227.0,1236.9100341796875,1225.3199462890625,1228.0,1228.0,1430800,-1.114,2019-07-30,30,2019,30,Tuesday,-0.7972000000000001,0.4121610122270179
1224.8699951171875,1234.9100341796875,1208.1800537109375,1218.199951171875,1218.199951171875,1998000,-0.798,2019-07-31,30,2019,31,Wednesday,-0.7972000000000001,0.4121610122270179
1217.6300048828125,1236.300048828125,1207.0,1211.780029296875,1211.780029296875,1771300,-0.527,2019-08-01,30,2019,1,Thursday,-0.7972000000000001,0.4121610122270179
1203.0,1209.5,1190.0,1196.3199462890625,1196.3199462890625,1745500,-1.276,2019-08-02,30,2019,2,Friday,-0.7972000000000001,0.4121610122270179
1172.969970703125,1176.8800048828125,1142.75,1154.75,1154.75,2392000,-3.475,2019-08-05,31,2019,5,Monday,-0.10139999999999998,2.3915198723824145
1165.52001953125,1181.4000244140625,1161.530029296875,1171.0799560546875,1171.0799560546875,1800700,1.414,2019-08-06,31,2019,6,Tuesday,-0.10139999999999998,2.3915198723824145
1157.800048828125,1179.8699951171875,1150.8399658203125,1175.9100341796875,1175.9100341796875,1534300,0.412,2019-08-07,31,2019,7,Wednesday,-0.10139999999999998,2.3915198723824145
1186.4300537109375,1206.280029296875,1174.0,1206.18994140625,1206.18994140625,1505800,2.575,2019-08-08,31,2019,8,Thursday,-0.10139999999999998,2.3915198723824145
1199.989990234375,1204.4599609375,1184.8900146484375,1188.9000244140625,1188.9000244140625,1020900,-1.433,2019-08-09,31,2019,9,Friday,-0.10139999999999998,2.3915198723824145
1180.0,1185.6099853515625,1168.719970703125,1174.5,1174.5,1103200,-1.211,2019-08-12,32,2019,12,Monday,-0.1502,1.8171341997772206
1174.3499755859375,1205.4300537109375,1172.989990234375,1196.72998046875,1196.72998046875,1421700,1.893,2019-08-13,32,2019,13,Tuesday,-0.1502,1.8171341997772206
1176.0699462890625,1182.7900390625,1161.0699462890625,1164.25,1164.25,1771500,-2.714,2019-08-14,32,2019,14,Wednesday,-0.1502,1.8171341997772206
1168.4300537109375,1176.4200439453125,1163.0,1169.3199462890625,1169.3199462890625,1425300,0.435,2019-08-15,32,2019,15,Thursday,-0.1502,1.8171341997772206
1180.7900390625,1183.8399658203125,1173.0,1179.2099609375,1179.2099609375,1245800,0.846,2019-08-16,32,2019,16,Friday,-0.1502,1.8171341997772206
1191.8299560546875,1209.3900146484375,1190.4000244140625,1200.43994140625,1200.43994140625,1222500,1.8,2019-08-19,33,2019,19,Monday,-0.4236,1.9318629092148336
1195.3499755859375,1198.0,1183.050048828125,1183.530029296875,1183.530029296875,1010300,-1.409,2019-08-20,33,2019,20,Tuesday,-0.4236,1.9318629092148336
1195.8199462890625,1200.56005859375,1187.9200439453125,1191.5799560546875,1191.5799560546875,707600,0.68,2019-08-21,33,2019,21,Wednesday,-0.4236,1.9318629092148336
1193.800048828125,1198.780029296875,1178.9100341796875,1191.52001953125,1191.52001953125,867600,-0.005,2019-08-22,33,2019,22,Thursday,-0.4236,1.9318629092148336
1185.1700439453125,1195.6700439453125,1150.0,1153.5799560546875,1153.5799560546875,1812700,-3.184,2019-08-23,33,2019,23,Friday,-0.4236,1.9318629092148336
1159.449951171875,1171.8599853515625,1154.8499755859375,1171.1800537109375,1171.1800537109375,1058300,1.526,2019-08-26,34,2019,26,Monday,0.636,0.9374025282662727
1183.0,1185.0,1164.56005859375,1170.8199462890625,1170.8199462890625,1173000,-0.031,2019-08-27,34,2019,27,Tuesday,0.636,0.9374025282662727
1164.8699951171875,1178.5,1160.25,1173.75,1173.75,840500,0.25,2019-08-28,34,2019,28,Wednesday,0.636,0.9374025282662727
1186.4200439453125,1199.18994140625,1185.280029296875,1194.239990234375,1194.239990234375,981800,1.746,2019-08-29,34,2019,29,Thursday,0.636,0.9374025282662727
1200.3499755859375,1200.3499755859375,1185.719970703125,1190.530029296875,1190.530029296875,903200,-0.311,2019-08-30,34,2019,30,Friday,0.636,0.9374025282662727
1181.8499755859375,1189.0799560546875,1163.7099609375,1169.550048828125,1169.550048828125,1295400,-1.762,2019-09-03,35,2019,3,Tuesday,0.34325000000000006,1.867022830604918
1179.449951171875,1184.8800048828125,1171.530029296875,1182.27001953125,1182.27001953125,1065600,1.088,2019-09-04,35,2019,4,Wednesday,0.34325000000000006,1.867022830604918
1193.6600341796875,1214.0,1192.68994140625,1212.18994140625,1212.18994140625,1319700,2.531,2019-09-05,35,2019,5,Thursday,0.34325000000000006,1.867022830604918
1209.1400146484375,1212.949951171875,1203.260009765625,1206.3199462890625,1206.3199462890625,948600,-0.484,2019-09-06,35,2019,6,Friday,0.34325000000000006,1.867022830604918
1207.0799560546875,1220.550048828125,1193.1700439453125,1205.27001953125,1205.27001953125,1592700,-0.087,2019-09-09,36,2019,9,Monday,0.5544,0.6229552953463033
1196.0899658203125,1210.0,1196.010009765625,1205.699951171875,1205.699951171875,1396100,0.036,2019-09-10,36,2019,10,Tuesday,0.5544,0.6229552953463033
1203.8900146484375,1222.469970703125,1202.280029296875,1220.0,1220.0,1176100,1.186,2019-09-11,36,2019,11,Wednesday,0.5544,0.6229552953463033
1223.469970703125,1242.4200439453125,1222.56005859375,1234.969970703125,1234.969970703125,1582200,1.227,2019-09-12,36,2019,12,Thursday,0.5544,0.6229552953463033
1232.1099853515625,1241.050048828125,1227.0799560546875,1240.030029296875,1240.030029296875,1183800,0.41,2019-09-13,36,2019,13,Friday,0.5544,0.6229552953463033
1230.43994140625,1239.02001953125,1225.18994140625,1231.6300048828125,1231.6300048828125,1410900,-0.677,2019-09-16,37,2019,16,Monday,-0.16360000000000002,0.5378845601056048
1231.6300048828125,1235.0,1223.3499755859375,1229.8800048828125,1229.8800048828125,1040300,-0.142,2019-09-17,37,2019,17,Tuesday,-0.16360000000000002,0.5378845601056048
1230.239990234375,1236.239990234375,1216.469970703125,1232.6500244140625,1232.6500244140625,872000,0.225,2019-09-18,37,2019,18,Wednesday,-0.16360000000000002,0.5378845601056048
1232.3199462890625,1244.3399658203125,1232.31005859375,1238.75,1238.75,827700,0.495,2019-09-19,37,2019,19,Thursday,-0.16360000000000002,0.5378845601056048
1233.6400146484375,1242.800048828125,1223.5799560546875,1229.8399658203125,1229.8399658203125,1884600,-0.719,2019-09-20,37,2019,20,Friday,-0.16360000000000002,0.5378845601056048
1226.5699462890625,1239.6800537109375,1223.780029296875,1234.68994140625,1234.68994140625,1039900,0.394,2019-09-23,38,2019,23,Monday,-0.05459999999999998,1.4870932385025493
1240.0,1247.1099853515625,1210.6400146484375,1218.3299560546875,1218.3299560546875,1790200,-1.325,2019-09-24,38,2019,24,Tuesday,-0.05459999999999998,1.4870932385025493
1216.010009765625,1248.02001953125,1209.199951171875,1245.93994140625,1245.93994140625,1339900,2.266,2019-09-25,38,2019,25,Wednesday,-0.05459999999999998,1.4870932385025493
1242.1400146484375,1244.6700439453125,1231.8199462890625,1242.2900390625,1242.2900390625,1158300,-0.293,2019-09-26,38,2019,26,Thursday,-0.05459999999999998,1.4870932385025493
1242.8299560546875,1244.989990234375,1215.199951171875,1225.949951171875,1225.949951171875,1706100,-1.315,2019-09-27,38,2019,27,Friday,-0.05459999999999998,1.4870932385025493
1220.5999755859375,1227.4100341796875,1213.4200439453125,1221.1400146484375,1221.1400146484375,1223500,-0.392,2019-09-30,39,2019,30,Monday,-0.2346,1.6633017765877602
1222.489990234375,1232.8599853515625,1205.550048828125,1206.0,1206.0,1225200,-1.24,2019-10-01,39,2019,1,Tuesday,-0.2346,1.6633017765877602
1196.5,1198.760009765625,1172.6300048828125,1177.9200439453125,1177.9200439453125,1651500,-2.328,2019-10-02,39,2019,2,Wednesday,-0.2346,1.6633017765877602
1183.3399658203125,1191.0,1163.1400146484375,1189.4300537109375,1189.4300537109375,1418400,0.977,2019-10-03,39,2019,3,Thursday,-0.2346,1.6633017765877602
1194.2900390625,1212.4599609375,1190.969970703125,1210.9599609375,1210.9599609375,1214100,1.81,2019-10-04,39,2019,4,Friday,-0.2346,1.6633017765877602
1207.0,1218.9100341796875,1204.3599853515625,1208.25,1208.25,852000,-0.224,2019-10-07,40,2019,7,Monday,0.08219999999999998,0.9926420301397679
1198.77001953125,1206.8699951171875,1189.47998046875,1190.1300048828125,1190.1300048828125,1004300,-1.5,2019-10-08,40,2019,8,Tuesday,0.08219999999999998,0.9926420301397679
1201.3299560546875,1208.4599609375,1198.1199951171875,1202.4000244140625,1202.4000244140625,797400,1.031,2019-10-09,40,2019,9,Wednesday,0.08219999999999998,0.9926420301397679
1198.5999755859375,1215.6199951171875,1197.8599853515625,1209.469970703125,1209.469970703125,642100,0.588,2019-10-10,40,2019,10,Thursday,0.08219999999999998,0.9926420301397679
1224.030029296875,1228.75,1213.6400146484375,1215.7099609375,1215.7099609375,1116500,0.516,2019-10-11,40,2019,11,Friday,0.08219999999999998,0.9926420301397679
1213.8900146484375,1225.8800048828125,1211.8800048828125,1217.77001953125,1217.77001953125,664800,0.169,2019-10-14,41,2019,14,Monday,0.47140000000000004,1.0033839245273966
1221.5,1247.1300048828125,1220.9200439453125,1242.239990234375,1242.239990234375,1379200,2.009,2019-10-15,41,2019,15,Tuesday,0.47140000000000004,1.0033839245273966
1241.81005859375,1254.18994140625,1238.530029296875,1243.0,1243.0,1149300,0.061,2019-10-16,41,2019,16,Wednesday,0.47140000000000004,1.0033839245273966
1251.4000244140625,1263.75,1249.8699951171875,1252.800048828125,1252.800048828125,1047900,0.788,2019-10-17,41,2019,17,Thursday,0.47140000000000004,1.0033839245273966
1254.68994140625,1258.1099853515625,1240.1400146484375,1244.4100341796875,1244.4100341796875,1581200,-0.67,2019-10-18,41,2019,18,Friday,0.47140000000000004,1.0033839245273966
1248.699951171875,1253.510009765625,1239.989990234375,1244.280029296875,1244.280029296875,904700,-0.01,2019-10-21,42,2019,21,Monday,0.31920000000000004,0.6100829451804074
1244.47998046875,1248.72998046875,1239.8499755859375,1241.199951171875,1241.199951171875,1143100,-0.248,2019-10-22,42,2019,22,Tuesday,0.31920000000000004,0.6100829451804074
1240.2099609375,1258.0400390625,1240.2099609375,1257.6300048828125,1257.6300048828125,1064100,1.324,2019-10-23,42,2019,23,Wednesday,0.31920000000000004,0.6100829451804074
1259.1099853515625,1262.9000244140625,1252.3499755859375,1259.1099853515625,1259.1099853515625,1011200,0.118,2019-10-24,42,2019,24,Thursday,0.31920000000000004,0.6100829451804074
1252.0,1268.0,1249.1500244140625,1264.300048828125,1264.300048828125,1355200,0.412,2019-10-25,42,2019,25,Friday,0.31920000000000004,0.6100829451804074
1275.0,1299.239990234375,1272.31005859375,1288.97998046875,1288.97998046875,3271400,1.952,2019-10-28,43,2019,28,Monday,0.13499999999999998,1.557997272141386
1276.0,1280.800048828125,1255.6099853515625,1260.6600341796875,1260.6600341796875,2632700,-2.197,2019-10-29,43,2019,29,Tuesday,0.13499999999999998,1.557997272141386
1255.1500244140625,1268.02001953125,1250.6500244140625,1260.699951171875,1260.699951171875,1460200,0.003,2019-10-30,43,2019,30,Wednesday,0.13499999999999998,1.557997272141386
1260.0,1266.52001953125,1249.47998046875,1258.800048828125,1258.800048828125,1595200,-0.151,2019-10-31,43,2019,31,Thursday,0.13499999999999998,1.557997272141386
1265.800048828125,1273.0,1259.7099609375,1272.25,1272.25,1440600,1.068,2019-11-01,43,2019,1,Friday,0.13499999999999998,1.557997272141386
1276.1099853515625,1292.5,1276.1099853515625,1289.6099853515625,1289.6099853515625,1531600,1.365,2019-11-04,44,2019,4,Monday,0.5732,0.6688435542038212
1291.199951171875,1297.239990234375,1289.3800048828125,1291.43994140625,1291.43994140625,1257400,0.142,2019-11-05,44,2019,5,Tuesday,0.5732,0.6688435542038212
1290.0899658203125,1292.989990234375,1282.27001953125,1291.010009765625,1291.010009765625,1231300,-0.033,2019-11-06,44,2019,6,Wednesday,0.5732,0.6688435542038212
1294.280029296875,1322.6500244140625,1293.75,1306.93994140625,1306.93994140625,2257000,1.234,2019-11-07,44,2019,7,Thursday,0.5732,0.6688435542038212
1301.52001953125,1317.1099853515625,1301.52001953125,1309.0,1309.0,1519600,0.158,2019-11-08,44,2019,8,Friday,0.5732,0.6688435542038212
1304.0,1304.9000244140625,1295.8699951171875,1298.280029296875,1298.280029296875,861700,-0.819,2019-11-11,45,2019,11,Monday,0.37679999999999997,1.0543487089193972
1298.5699462890625,1309.3499755859375,1294.239990234375,1297.2099609375,1297.2099609375,1442600,-0.082,2019-11-12,45,2019,12,Tuesday,0.37679999999999997,1.0543487089193972
1293.1800537109375,1302.52001953125,1292.1500244140625,1296.1800537109375,1296.1800537109375,1026900,-0.079,2019-11-13,45,2019,13,Wednesday,0.37679999999999997,1.0543487089193972
1295.0,1315.719970703125,1293.93994140625,1309.1500244140625,1309.1500244140625,1447400,1.001,2019-11-14,45,2019,14,Thursday,0.37679999999999997,1.0543487089193972
1315.050048828125,1333.5400390625,1311.8900146484375,1333.5400390625,1333.5400390625,1964300,1.863,2019-11-15,45,2019,15,Friday,0.37679999999999997,1.0543487089193972
1332.3399658203125,1333.9200439453125,1316.1600341796875,1319.8399658203125,1319.8399658203125,1399200,-1.027,2019-11-18,46,2019,18,Monday,-0.6045999999999999,0.33961051220479027
1326.6300048828125,1326.6300048828125,1311.77001953125,1312.5899658203125,1312.5899658203125,1093200,-0.549,2019-11-19,46,2019,19,Tuesday,-0.6045999999999999,0.33961051220479027
1311.3599853515625,1313.2099609375,1289.2099609375,1301.8599853515625,1301.8599853515625,1444600,-0.817,2019-11-20,46,2019,20,Wednesday,-0.6045999999999999,0.33961051220479027
1299.25,1311.1199951171875,1290.75,1300.1400146484375,1300.1400146484375,1277300,-0.132,2019-11-21,46,2019,21,Thursday,-0.6045999999999999,0.33961051220479027
1303.0,1306.9000244140625,1289.3599853515625,1293.6700439453125,1293.6700439453125,1388800,-0.498,2019-11-22,46,2019,22,Friday,-0.6045999999999999,0.33961051220479027
1296.260009765625,1310.4100341796875,1295.6099853515625,1305.6400146484375,1305.6400146484375,1179500,0.925,2019-11-25,47,2019,25,Monday,0.20249999999999996,0.6806420988057281
1309.9100341796875,1314.010009765625,1304.0400390625,1313.0,1313.0,1095500,0.564,2019-11-26,47,2019,26,Tuesday,0.20249999999999996,0.6806420988057281
1315.4200439453125,1317.6400146484375,1309.469970703125,1312.1300048828125,1312.1300048828125,940400,-0.066,2019-11-27,47,2019,27,Wednesday,0.20249999999999996,0.6806420988057281
1306.5999755859375,1309.949951171875,1303.22998046875,1304.0899658203125,1304.0899658203125,640100,-0.613,2019-11-29,47,2019,29,Friday,0.20249999999999996,0.6806420988057281
1302.56005859375,1305.43994140625,1280.3800048828125,1288.8599853515625,1288.8599853515625,1326900,-1.168,2019-12-02,48,2019,2,Monday,0.5404,1.101452813333372
1278.6600341796875,1297.22998046875,1277.050048828125,1294.739990234375,1294.739990234375,1263500,0.456,2019-12-03,48,2019,3,Tuesday,0.5404,1.101452813333372
1306.0999755859375,1324.27001953125,1303.050048828125,1318.93994140625,1318.93994140625,1775300,1.869,2019-12-04,48,2019,4,Wednesday,0.5404,1.101452813333372
1327.0,1327.97998046875,1314.3199462890625,1326.9599609375,1326.9599609375,1220400,0.608,2019-12-05,48,2019,5,Thursday,0.5404,1.101452813333372
1332.75,1342.469970703125,1331.22998046875,1339.3900146484375,1339.3900146484375,1648400,0.937,2019-12-06,48,2019,6,Friday,0.5404,1.101452813333372
1338.8599853515625,1357.550048828125,1336.0699462890625,1342.989990234375,1342.989990234375,1542100,0.269,2019-12-09,49,2019,9,Monday,0.11159999999999999,0.18300491796670385
1339.93994140625,1348.0,1334.0,1342.8900146484375,1342.8900146484375,880300,-0.007,2019-12-10,49,2019,10,Tuesday,0.11159999999999999,0.18300491796670385
1348.300048828125,1349.8900146484375,1341.0999755859375,1344.25,1344.25,1024000,0.101,2019-12-11,49,2019,11,Wednesday,0.11159999999999999,0.18300491796670385
1343.2099609375,1354.5799560546875,1338.199951171875,1348.489990234375,1348.489990234375,1455700,0.315,2019-12-12,49,2019,12,Thursday,0.11159999999999999,0.18300491796670385
1347.9000244140625,1351.3499755859375,1341.6600341796875,1346.8699951171875,1346.8699951171875,1658500,-0.12,2019-12-13,49,2019,13,Friday,0.11159999999999999,0.18300491796670385
1355.0,1363.530029296875,1350.6099853515625,1360.699951171875,1360.699951171875,1406400,1.027,2019-12-16,50,2019,16,Monday,0.06599999999999998,0.6172778952789415
1362.4100341796875,1364.3299560546875,1350.77001953125,1354.8900146484375,1354.8900146484375,1647400,-0.427,2019-12-17,50,2019,17,Tuesday,0.06599999999999998,0.6172778952789415
1357.0,1359.4300537109375,1350.4599609375,1351.9100341796875,1351.9100341796875,1166500,-0.22,2019-12-18,50,2019,18,Wednesday,0.06599999999999998,0.6172778952789415
1351.9100341796875,1357.530029296875,1348.75,1356.43994140625,1356.43994140625,1446100,0.335,2019-12-19,50,2019,19,Thursday,0.06599999999999998,0.6172778952789415
1363.0999755859375,1364.0,1350.72998046875,1351.219970703125,1351.219970703125,2504500,-0.385,2019-12-20,50,2019,20,Friday,0.06599999999999998,0.6172778952789415
1358.72998046875,1361.8499755859375,1348.0,1350.6300048828125,1350.6300048828125,996800,-0.044,2019-12-23,51,2019,23,Monday,0.06600000000000003,0.8806781477929382
1350.2099609375,1352.010009765625,1344.1700439453125,1344.4300537109375,1344.4300537109375,673400,-0.459,2019-12-24,51,2019,24,Tuesday,0.06600000000000003,0.8806781477929382
1346.550048828125,1363.199951171875,1345.510009765625,1362.469970703125,1362.469970703125,1183100,1.342,2019-12-26,51,2019,26,Thursday,0.06600000000000003,0.8806781477929382
1364.0,1367.050048828125,1353.0,1354.6400146484375,1354.6400146484375,1160600,-0.575,2019-12-27,51,2019,27,Friday,0.06600000000000003,0.8806781477929382
1356.81005859375,1357.0,1337.8399658203125,1339.7099609375,1339.7099609375,999700,-1.102,2019-12-30,52,2019,30,Monday,-0.5630000000000001,0.7622611101190983
1335.7900390625,1340.6600341796875,1332.1300048828125,1339.3900146484375,1339.3900146484375,975700,-0.024,2019-12-31,52,2019,31,Tuesday,-0.5630000000000001,0.7622611101190983
1348.4100341796875,1368.6800537109375,1346.489990234375,1368.6800537109375,1368.6800537109375,1363900,2.187,2020-01-02,00,2020,2,Thursday,0.8319999999999999,1.9162593770155438
1348.0,1373.75,1347.3199462890625,1361.52001953125,1361.52001953125,1170400,-0.523,2020-01-03,00,2020,3,Friday,0.8319999999999999,1.9162593770155438
1351.6300048828125,1398.3199462890625,1351.0,1397.81005859375,1397.81005859375,2338400,2.665,2020-01-06,01,2020,6,Monday,0.976,1.0492085112121423
1400.4599609375,1403.5,1391.56005859375,1395.1099853515625,1395.1099853515625,1716500,-0.193,2020-01-07,01,2020,7,Tuesday,0.976,1.0492085112121423
1394.8199462890625,1411.8499755859375,1392.6300048828125,1405.0400390625,1405.0400390625,1765700,0.712,2020-01-08,01,2020,8,Wednesday,0.976,1.0492085112121423
1421.9300537109375,1428.6800537109375,1410.2099609375,1419.7900390625,1419.7900390625,1660000,1.05,2020-01-09,01,2020,9,Thursday,0.976,1.0492085112121423
1429.469970703125,1434.93994140625,1419.5999755859375,1428.9599609375,1428.9599609375,1312900,0.646,2020-01-10,01,2020,10,Friday,0.976,1.0492085112121423
1435.25,1441.47998046875,1425.3699951171875,1440.030029296875,1440.030029296875,1536500,0.775,2020-01-13,02,2020,13,Monday,0.7016,0.9504500512914921
1440.0,1442.6300048828125,1427.77001953125,1430.5899658203125,1430.5899658203125,1303800,-0.656,2020-01-14,02,2020,14,Tuesday,0.7016,0.9504500512914921
1433.02001953125,1440.780029296875,1431.6600341796875,1439.199951171875,1439.199951171875,1077500,0.602,2020-01-15,02,2020,15,Wednesday,0.7016,0.9504500512914921
1445.449951171875,1450.699951171875,1440.0,1450.1600341796875,1450.1600341796875,1304000,0.762,2020-01-16,02,2020,16,Thursday,0.7016,0.9504500512914921
1462.5400390625,1480.550048828125,1456.550048828125,1479.52001953125,1479.52001953125,2621200,2.025,2020-01-17,02,2020,17,Friday,0.7016,0.9504500512914921
1479.0,1489.8800048828125,1470.2099609375,1482.25,1482.25,2446500,0.185,2020-01-21,03,2020,21,Tuesday,-0.22450000000000003,0.6837492230342935
1489.72998046875,1500.5799560546875,1482.6600341796875,1483.8699951171875,1483.8699951171875,1422900,0.109,2020-01-22,03,2020,22,Wednesday,-0.22450000000000003,0.6837492230342935
1487.550048828125,1493.5,1480.3199462890625,1484.68994140625,1484.68994140625,1332500,0.055,2020-01-23,03,2020,23,Thursday,-0.22450000000000003,0.6837492230342935
1492.8199462890625,1494.199951171875,1463.1800537109375,1466.1700439453125,1466.1700439453125,1489300,-1.247,2020-01-24,03,2020,24,Friday,-0.22450000000000003,0.6837492230342935
1431.5400390625,1436.5799560546875,1419.5,1431.72998046875,1431.72998046875,1706600,-2.349,2020-01-27,04,2020,27,Monday,-0.45100000000000007,1.4670247100850073
1441.739990234375,1454.800048828125,1430.3599853515625,1450.5,1450.5,1486200,1.311,2020-01-28,04,2020,28,Tuesday,-0.45100000000000007,1.4670247100850073
1458.4599609375,1464.1400146484375,1445.3900146484375,1456.699951171875,1456.699951171875,1078300,0.427,2020-01-29,04,2020,29,Wednesday,-0.45100000000000007,1.4670247100850073
1438.0999755859375,1455.25,1435.0,1454.25,1454.25,1355500,-0.168,2020-01-30,04,2020,30,Thursday,-0.45100000000000007,1.4670247100850073
1467.8599853515625,1469.6700439453125,1427.06005859375,1432.780029296875,1432.780029296875,2191100,-1.476,2020-01-31,04,2020,31,Friday,-0.45100000000000007,1.4670247100850073
1461.6500244140625,1486.300048828125,1456.6099853515625,1482.5999755859375,1482.5999755859375,3581800,3.477,2020-02-03,05,2020,3,Monday,0.659,2.2658471925529313
1454.489990234375,1467.3399658203125,1422.030029296875,1445.4100341796875,1445.4100341796875,4794000,-2.508,2020-02-04,05,2020,4,Tuesday,0.659,2.2658471925529313
1463.6099853515625,1464.5799560546875,1429.6800537109375,1446.050048828125,1446.050048828125,1818800,0.044,2020-02-05,05,2020,5,Wednesday,0.659,2.2658471925529313
1451.97998046875,1481.56005859375,1450.47998046875,1475.969970703125,1475.969970703125,1891100,2.069,2020-02-06,05,2020,6,Thursday,0.659,2.2658471925529313
1467.3900146484375,1485.25,1465.4100341796875,1479.1099853515625,1479.1099853515625,1418000,0.213,2020-02-07,05,2020,7,Friday,0.659,2.2658471925529313
1477.22998046875,1508.8800048828125,1475.199951171875,1508.6600341796875,1508.6600341796875,1915100,1.998,2020-02-10,06,2020,10,Monday,0.5334,0.8866133881235948
1513.27001953125,1529.8800048828125,1505.449951171875,1510.06005859375,1510.06005859375,1742600,0.093,2020-02-11,06,2020,11,Tuesday,0.5334,0.8866133881235948
1515.8599853515625,1520.300048828125,1508.6700439453125,1518.6300048828125,1518.6300048828125,1552100,0.568,2020-02-12,06,2020,12,Wednesday,0.5334,0.8866133881235948
1510.0,1525.949951171875,1504.0,1513.3900146484375,1513.3900146484375,1145700,-0.345,2020-02-13,06,2020,13,Thursday,0.5334,0.8866133881235948
1514.530029296875,1520.050048828125,1505.550048828125,1518.72998046875,1518.72998046875,1159900,0.353,2020-02-14,06,2020,14,Friday,0.5334,0.8866133881235948
1514.3399658203125,1530.56005859375,1511.010009765625,1519.43994140625,1519.43994140625,1282100,0.047,2020-02-18,07,2020,18,Tuesday,-0.58075,1.1448383801509567
1527.199951171875,1530.739990234375,1520.97998046875,1524.8699951171875,1524.8699951171875,1137300,0.357,2020-02-19,07,2020,19,Wednesday,-0.58075,1.1448383801509567
1519.010009765625,1527.0699462890625,1504.260009765625,1516.989990234375,1516.989990234375,1298100,-0.517,2020-02-20,07,2020,20,Thursday,-0.58075,1.1448383801509567
1504.5799560546875,1510.949951171875,1478.489990234375,1483.4599609375,1483.4599609375,2126000,-2.21,2020-02-21,07,2020,21,Friday,-0.58075,1.1448383801509567
1423.050048828125,1436.3800048828125,1406.7900390625,1419.8599853515625,1419.8599853515625,2478000,-4.287,2020-02-24,08,2020,24,Monday,-1.9865999999999997,3.0506057267369053
1431.0,1436.8499755859375,1380.4200439453125,1386.3199462890625,1386.3199462890625,2579000,-2.362,2020-02-25,08,2020,25,Tuesday,-1.9865999999999997,3.0506057267369053
1394.97998046875,1413.6700439453125,1376.550048828125,1390.469970703125,1390.469970703125,2488800,0.299,2020-02-26,08,2020,26,Wednesday,-1.9865999999999997,3.0506057267369053
1359.1400146484375,1369.4000244140625,1314.239990234375,1314.949951171875,1314.949951171875,3114500,-5.431,2020-02-27,08,2020,27,Thursday,-1.9865999999999997,3.0506057267369053
1274.31005859375,1342.449951171875,1268.2099609375,1339.25,1339.25,4009900,1.848,2020-02-28,08,2020,28,Friday,-1.9865999999999997,3.0506057267369053
1351.3900146484375,1387.469970703125,1325.199951171875,1386.3199462890625,1386.3199462890625,2771500,3.515,2020-03-02,09,2020,2,Monday,-0.5992,3.844168011416775
1397.6800537109375,1408.18994140625,1329.239990234375,1337.719970703125,1337.719970703125,2830100,-3.506,2020-03-03,09,2020,3,Tuesday,-0.5992,3.844168011416775
1358.9599609375,1382.780029296875,1337.0,1381.5999755859375,1381.5999755859375,2379900,3.28,2020-03-04,09,2020,4,Wednesday,-0.5992,3.844168011416775
1345.550048828125,1353.6300048828125,1301.6400146484375,1314.760009765625,1314.760009765625,2719000,-4.838,2020-03-05,09,2020,5,Thursday,-0.5992,3.844168011416775
1269.949951171875,1302.75,1257.2099609375,1295.739990234375,1295.739990234375,3232000,-1.447,2020-03-06,09,2020,6,Friday,-0.5992,3.844168011416775
1204.9599609375,1252.72998046875,1198.0400390625,1215.7900390625,1215.7900390625,3462600,-6.17,2020-03-09,10,2020,9,Monday,-1.0579999999999998,7.655802407324787
1254.3900146484375,1275.8499755859375,1214.510009765625,1275.1700439453125,1275.1700439453125,2743600,4.884,2020-03-10,10,2020,10,Tuesday,-1.0579999999999998,7.655802407324787
1248.27001953125,1256.9300537109375,1191.1400146484375,1210.9000244140625,1210.9000244140625,2736600,-5.04,2020-03-11,10,2020,11,Wednesday,-1.0579999999999998,7.655802407324787
1122.6199951171875,1188.75,1108.469970703125,1111.550048828125,1111.550048828125,4716300,-8.205,2020-03-12,10,2020,12,Thursday,-1.0579999999999998,7.655802407324787
1174.989990234375,1214.4000244140625,1112.2900390625,1214.27001953125,1214.27001953125,3970000,9.241,2020-03-13,10,2020,13,Friday,-1.0579999999999998,7.655802407324787
1089.6099853515625,1145.469970703125,1067.0799560546875,1073.0,1073.0,4826000,-11.634,2020-03-16,11,2020,16,Monday,-2.374,6.111055473484101
1090.6400146484375,1126.0,1049.0999755859375,1118.06005859375,1118.06005859375,4159700,4.199,2020-03-17,11,2020,17,Tuesday,-2.374,6.111055473484101
1059.93994140625,1104.989990234375,1037.0,1091.18994140625,1091.18994140625,4652200,-2.403,2020-03-18,11,2020,18,Wednesday,-2.374,6.111055473484101
1088.219970703125,1152.6099853515625,1055.550048828125,1111.6700439453125,1111.6700439453125,3703200,1.877,2020-03-19,11,2020,19,Thursday,-2.374,6.111055473484101
1130.9000244140625,1138.47998046875,1062.0999755859375,1068.2099609375,1068.2099609375,4143900,-3.909,2020-03-20,11,2020,20,Friday,-2.374,6.111055473484101
1056.3699951171875,1066.9100341796875,1008.8699951171875,1054.1300048828125,1054.1300048828125,4183600,-1.318,2020-03-23,12,2020,23,Monday,0.8810000000000004,5.182896776899961
1103.97998046875,1133.3299560546875,1086.4300537109375,1130.010009765625,1130.010009765625,3623400,7.198,2020-03-24,12,2020,24,Tuesday,0.8810000000000004,5.182896776899961
1124.5799560546875,1146.1700439453125,1083.010009765625,1101.6199951171875,1101.6199951171875,4516200,-2.512,2020-03-25,12,2020,25,Wednesday,0.8810000000000004,5.182896776899961
1114.719970703125,1171.47998046875,1092.030029296875,1162.9200439453125,1162.9200439453125,3828100,5.565,2020-03-26,12,2020,26,Thursday,0.8810000000000004,5.182896776899961
1127.469970703125,1151.050048828125,1104.0,1110.260009765625,1110.260009765625,3139700,-4.528,2020-03-27,12,2020,27,Friday,0.8810000000000004,5.182896776899961
1132.6400146484375,1151.0,1098.489990234375,1146.31005859375,1146.31005859375,2936800,3.247,2020-03-30,13,2020,30,Monday,-0.2726,3.3594814034311904
1148.72998046875,1173.4000244140625,1136.719970703125,1161.949951171875,1161.949951171875,3261400,1.364,2020-03-31,13,2020,31,Tuesday,-0.2726,3.3594814034311904
1124.0,1129.4200439453125,1093.489990234375,1102.0999755859375,1102.0999755859375,2598500,-5.151,2020-04-01,13,2020,1,Wednesday,-0.2726,3.3594814034311904
1100.0,1122.77001953125,1093.1300048828125,1117.030029296875,1117.030029296875,2820500,1.355,2020-04-02,13,2020,2,Thursday,-0.2726,3.3594814034311904
1114.7099609375,1118.7900390625,1075.0799560546875,1092.699951171875,1092.699951171875,2568700,-2.178,2020-04-03,13,2020,3,Friday,-0.2726,3.3594814034311904
1133.0,1190.75,1125.0,1183.18994140625,1183.18994140625,3166000,8.281,2020-04-06,14,2020,6,Monday,2.56475,3.9386877996781284
1217.010009765625,1220.780029296875,1177.25,1182.56005859375,1182.56005859375,3081000,-0.053,2020-04-07,14,2020,7,Tuesday,2.56475,3.9386877996781284
1203.0999755859375,1214.9000244140625,1183.949951171875,1207.0,1207.0,2016700,2.067,2020-04-08,14,2020,8,Wednesday,2.56475,3.9386877996781284
1218.1800537109375,1221.989990234375,1192.4200439453125,1206.5699462890625,1206.5699462890625,2701400,-0.036,2020-04-09,14,2020,9,Thursday,2.56475,3.9386877996781284
1201.5,1214.52001953125,1182.3299560546875,1210.4100341796875,1210.4100341796875,1935100,0.318,2020-04-13,15,2020,13,Monday,1.1889999999999998,2.054191690178889
1239.969970703125,1275.75,1228.5400390625,1265.22998046875,1265.22998046875,3167900,4.529,2020-04-14,15,2020,14,Tuesday,1.1889999999999998,2.054191690178889
1246.510009765625,1275.1099853515625,1234.0,1257.300048828125,1257.300048828125,2111800,-0.627,2020-04-15,15,2020,15,Wednesday,1.1889999999999998,2.054191690178889
1267.1400146484375,1273.3599853515625,1238.199951171875,1257.4300537109375,1257.4300537109375,2894800,0.01,2020-04-16,15,2020,16,Thursday,1.1889999999999998,2.054191690178889
1281.699951171875,1290.0,1266.0,1279.0,1279.0,2552500,1.715,2020-04-17,15,2020,17,Friday,1.1889999999999998,2.054191690178889
1269.8900146484375,1276.8199462890625,1256.43994140625,1261.1500244140625,1261.1500244140625,1764600,-1.396,2020-04-20,16,2020,20,Monday,-0.004799999999999971,2.8641886634787173
1242.7099609375,1250.0,1205.0,1212.1600341796875,1212.1600341796875,2482400,-3.885,2020-04-21,16,2020,21,Tuesday,-0.004799999999999971,2.8641886634787173
1241.1099853515625,1279.8800048828125,1237.199951171875,1258.4100341796875,1258.4100341796875,2314800,3.816,2020-04-22,16,2020,22,Wednesday,-0.004799999999999971,2.8641886634787173
1265.739990234375,1288.1500244140625,1260.530029296875,1271.1700439453125,1271.1700439453125,1710100,1.014,2020-04-23,16,2020,23,Thursday,-0.004799999999999971,2.8641886634787173
1255.0,1277.7099609375,1244.0,1276.5999755859375,1276.5999755859375,1870100,0.427,2020-04-24,16,2020,24,Friday,-0.004799999999999971,2.8641886634787173
1292.0,1294.0999755859375,1265.06005859375,1270.8599853515625,1270.8599853515625,2209300,-0.45,2020-04-27,17,2020,27,Monday,0.7169999999999999,4.759799102903399
1283.199951171875,1284.760009765625,1230.3800048828125,1232.5899658203125,1232.5899658203125,4035000,-3.011,2020-04-28,17,2020,28,Tuesday,0.7169999999999999,4.759799102903399
1345.0,1360.1500244140625,1326.72998046875,1342.1800537109375,1342.1800537109375,5417900,8.891,2020-04-29,17,2020,29,Wednesday,0.7169999999999999,4.759799102903399
1331.3599853515625,1350.0,1321.5,1346.699951171875,1346.699951171875,2792100,0.337,2020-04-30,17,2020,30,Thursday,0.7169999999999999,4.759799102903399
1324.0899658203125,1351.4300537109375,1309.6600341796875,1317.3199462890625,1317.3199462890625,2443600,-2.182,2020-05-01,17,2020,1,Friday,0.7169999999999999,4.759799102903399
1308.1300048828125,1324.469970703125,1296.010009765625,1322.9000244140625,1322.9000244140625,1540300,0.424,2020-05-04,18,2020,4,Monday,1.0010000000000001,0.9341750371316929
1337.5,1371.010009765625,1335.030029296875,1349.02001953125,1349.02001953125,1983300,1.974,2020-05-05,18,2020,5,Tuesday,1.0010000000000001,0.9341750371316929
1358.0,1368.68994140625,1345.1300048828125,1345.4300537109375,1345.4300537109375,1586600,-0.266,2020-05-06,18,2020,6,Wednesday,1.0010000000000001,0.9341750371316929
1361.31005859375,1376.0,1352.5400390625,1369.280029296875,1369.280029296875,1532600,1.773,2020-05-07,18,2020,7,Thursday,1.0010000000000001,0.9341750371316929
1381.8199462890625,1396.6400146484375,1372.010009765625,1384.3399658203125,1384.3399658203125,1666300,1.1,2020-05-08,18,2020,8,Friday,1.0010000000000001,0.9341750371316929
1376.7900390625,1415.530029296875,1375.5,1403.5899658203125,1403.5899658203125,1635900,1.391,2020-05-11,19,2020,11,Monday,-0.1516,1.699497955279735
1408.219970703125,1414.3299560546875,1374.510009765625,1375.1800537109375,1375.1800537109375,1695900,-2.024,2020-05-12,19,2020,12,Tuesday,-0.1516,1.699497955279735
1376.1600341796875,1385.3299560546875,1328.010009765625,1348.3299560546875,1348.3299560546875,2018400,-1.952,2020-05-13,19,2020,13,Wednesday,-0.1516,1.699497955279735
1333.52001953125,1357.3699951171875,1323.300048828125,1356.8599853515625,1356.8599853515625,1833000,0.633,2020-05-14,19,2020,14,Thursday,-0.1516,1.699497955279735
1348.260009765625,1374.5799560546875,1339.0,1373.06005859375,1373.06005859375,2077200,1.194,2020-05-15,19,2020,15,Friday,-0.1516,1.699497955279735
1361.5799560546875,1392.760009765625,1354.199951171875,1385.1800537109375,1385.1800537109375,2354700,0.883,2020-05-18,20,2020,18,Monday,0.5848,1.2562464726318636
1385.47998046875,1392.489990234375,1373.760009765625,1374.4000244140625,1374.4000244140625,1579300,-0.778,2020-05-19,20,2020,19,Tuesday,0.5848,1.2562464726318636
1389.1600341796875,1412.030029296875,1387.4200439453125,1409.1600341796875,1409.1600341796875,1913100,2.529,2020-05-20,20,2020,20,Wednesday,0.5848,1.2562464726318636
1410.989990234375,1416.4599609375,1394.3900146484375,1406.75,1406.75,1544700,-0.171,2020-05-21,20,2020,21,Thursday,0.5848,1.2562464726318636
1403.9000244140625,1417.0,1395.949951171875,1413.239990234375,1413.239990234375,1427200,0.461,2020-05-22,20,2020,22,Friday,0.5848,1.2562464726318636
1441.9599609375,1445.1099853515625,1419.4000244140625,1421.3699951171875,1421.3699951171875,2229500,0.575,2020-05-26,21,2020,26,Tuesday,0.35775,0.5788721073489953
1420.0,1425.3499755859375,1394.5999755859375,1420.280029296875,1420.280029296875,1584200,-0.077,2020-05-27,21,2020,27,Wednesday,0.35775,0.5788721073489953
1400.0,1444.4599609375,1399.0799560546875,1418.239990234375,1418.239990234375,1758500,-0.144,2020-05-28,21,2020,28,Thursday,0.35775,0.5788721073489953
1420.4300537109375,1436.72998046875,1415.97998046875,1433.52001953125,1433.52001953125,1852200,1.077,2020-05-29,21,2020,29,Friday,0.35775,0.5788721073489953
1425.699951171875,1441.5799560546875,1422.280029296875,1434.8699951171875,1434.8699951171875,1258100,0.094,2020-06-01,22,2020,1,Monday,0.0972,1.2836879293660122
1435.0,1443.0,1421.6099853515625,1442.31005859375,1442.31005859375,1172100,0.519,2020-06-02,22,2020,2,Tuesday,0.0972,1.2836879293660122
1442.699951171875,1449.010009765625,1431.6199951171875,1439.25,1439.25,1386600,-0.212,2020-06-03,22,2020,3,Wednesday,0.0972,1.2836879293660122
1436.780029296875,1441.3199462890625,1406.010009765625,1414.300048828125,1414.300048828125,1349100,-1.734,2020-06-04,22,2020,4,Thursday,0.0972,1.2836879293660122
1415.6400146484375,1446.300048828125,1407.6199951171875,1440.02001953125,1440.02001953125,2132100,1.819,2020-06-05,22,2020,5,Friday,0.0972,1.2836879293660122
1426.280029296875,1449.0,1424.47998046875,1448.0400390625,1448.0400390625,1693900,0.557,2020-06-08,23,2020,8,Monday,-0.35940000000000005,2.208061887719636
1445.239990234375,1467.800048828125,1442.3599853515625,1452.0799560546875,1452.0799560546875,1681200,0.279,2020-06-09,23,2020,9,Tuesday,-0.35940000000000005,2.208061887719636
1461.510009765625,1472.77001953125,1454.3599853515625,1464.699951171875,1464.699951171875,1588100,0.869,2020-06-10,23,2020,10,Wednesday,-0.35940000000000005,2.208061887719636
1441.030029296875,1451.5999755859375,1398.4100341796875,1401.9000244140625,1401.9000244140625,2357200,-4.288,2020-06-11,23,2020,11,Thursday,-0.35940000000000005,2.208061887719636
1425.8599853515625,1434.510009765625,1385.800048828125,1412.9200439453125,1412.9200439453125,1833800,0.786,2020-06-12,23,2020,12,Friday,-0.35940000000000005,2.208061887719636
1389.489990234375,1425.0,1387.199951171875,1420.739990234375,1420.739990234375,1523400,0.553,2020-06-15,24,2020,15,Monday,0.17099999999999996,1.1895871132456
1449.0,1457.1700439453125,1428.989990234375,1446.469970703125,1446.469970703125,1532400,1.811,2020-06-16,24,2020,16,Tuesday,0.17099999999999996,1.1895871132456
1452.93994140625,1462.199951171875,1435.1300048828125,1452.5400390625,1452.5400390625,1530500,0.42,2020-06-17,24,2020,17,Wednesday,0.17099999999999996,1.1895871132456
1449.8499755859375,1452.969970703125,1426.239990234375,1434.1199951171875,1434.1199951171875,1743100,-1.268,2020-06-18,24,2020,18,Thursday,0.17099999999999996,1.1895871132456
1440.0,1444.5,1419.0,1424.6400146484375,1424.6400146484375,2639200,-0.661,2020-06-19,24,2020,19,Friday,0.17099999999999996,1.1895871132456
1425.010009765625,1450.949951171875,1419.18994140625,1450.6600341796875,1450.6600341796875,1472100,1.826,2020-06-22,25,2020,22,Monday,-0.8515999999999998,2.9654027213854106
1452.0,1475.199951171875,1445.0,1463.97998046875,1463.97998046875,1887600,0.918,2020-06-23,25,2020,23,Tuesday,-0.8515999999999998,2.9654027213854106
1463.280029296875,1475.7900390625,1430.0,1432.699951171875,1432.699951171875,1579600,-2.137,2020-06-24,25,2020,24,Wednesday,-0.8515999999999998,2.9654027213854106
1431.219970703125,1442.3199462890625,1419.5400390625,1441.0999755859375,1441.0999755859375,1197900,0.586,2020-06-25,25,2020,25,Thursday,-0.8515999999999998,2.9654027213854106
1432.6300048828125,1437.02001953125,1355.0,1362.5400390625,1362.5400390625,4882000,-5.451,2020-06-26,25,2020,26,Friday,-0.8515999999999998,2.9654027213854106
1360.3399658203125,1398.0,1351.6500244140625,1397.1700439453125,1397.1700439453125,2253700,2.542,2020-06-29,26,2020,29,Monday,1.9155,0.45531271305188314
1396.8800048828125,1424.0,1386.9300537109375,1418.050048828125,1418.050048828125,2014300,1.494,2020-06-30,26,2020,30,Tuesday,1.9155,0.45531271305188314
1419.1700439453125,1448.47998046875,1414.1800537109375,1442.0,1442.0,2109100,1.689,2020-07-01,26,2020,1,Wednesday,1.9155,0.45531271305188314
1451.8399658203125,1488.52001953125,1451.0699462890625,1469.9300537109375,1469.9300537109375,2860900,1.937,2020-07-02,26,2020,2,Thursday,1.9155,0.45531271305188314
1488.1500244140625,1510.0,1476.97998046875,1499.6500244140625,1499.6500244140625,2235600,2.022,2020-07-06,27,2020,6,Monday,0.9266,0.9822264504685261
1496.1300048828125,1521.3199462890625,1489.699951171875,1489.9200439453125,1489.9200439453125,2118200,-0.649,2020-07-07,27,2020,7,Tuesday,0.9266,0.9822264504685261
1500.800048828125,1511.1700439453125,1492.300048828125,1503.5999755859375,1503.5999755859375,1588300,0.918,2020-07-08,27,2020,8,Wednesday,0.9266,0.9822264504685261
1509.9300537109375,1529.1400146484375,1495.5899658203125,1518.6600341796875,1518.6600341796875,2091800,1.002,2020-07-09,27,2020,9,Thursday,0.9266,0.9822264504685261
1513.25,1541.3399658203125,1500.719970703125,1539.010009765625,1539.010009765625,1795900,1.34,2020-07-10,27,2020,10,Friday,0.9266,0.9822264504685261
1549.93994140625,1576.3599853515625,1506.56005859375,1512.22998046875,1512.22998046875,2147700,-1.74,2020-07-13,28,2020,13,Monday,-0.2866,0.8724043214014933
1492.7900390625,1522.800048828125,1485.9300537109375,1520.8599853515625,1520.8599853515625,1905400,0.571,2020-07-14,28,2020,14,Tuesday,-0.2866,0.8724043214014933
1523.22998046875,1536.3299560546875,1497.8299560546875,1516.8800048828125,1516.8800048828125,1551300,-0.262,2020-07-15,28,2020,15,Wednesday,-0.2866,0.8724043214014933
1501.5,1515.9100341796875,1488.27001953125,1514.9200439453125,1514.9200439453125,1324200,-0.129,2020-07-16,28,2020,16,Thursday,-0.2866,0.8724043214014933
1516.9100341796875,1523.4300537109375,1498.0999755859375,1516.8499755859375,1516.8499755859375,1713200,0.127,2020-07-17,28,2020,17,Friday,-0.2866,0.8724043214014933
1515.0,1569.010009765625,1502.699951171875,1563.8399658203125,1563.8399658203125,1508300,3.098,2020-07-20,29,2020,20,Monday,-0.09420000000000006,2.2307617981308536
1585.030029296875,1587.050048828125,1552.6199951171875,1555.9200439453125,1555.9200439453125,1374300,-0.506,2020-07-21,29,2020,21,Tuesday,-0.09420000000000006,2.2307617981308536
1555.7099609375,1566.97998046875,1543.22998046875,1564.8499755859375,1564.8499755859375,1224100,0.574,2020-07-22,29,2020,22,Wednesday,-0.09420000000000006,2.2307617981308536
1565.9300537109375,1570.3499755859375,1508.5899658203125,1516.75,1516.75,1695500,-3.074,2020-07-23,29,2020,23,Thursday,-0.09420000000000006,2.2307617981308536
1499.18994140625,1515.4300537109375,1487.5899658203125,1508.2099609375,1508.2099609375,1495100,-0.563,2020-07-24,29,2020,24,Friday,-0.09420000000000006,2.2307617981308536
1513.260009765625,1537.56005859375,1512.3299560546875,1529.4300537109375,1529.4300537109375,1356200,1.407,2020-07-27,30,2020,27,Monday,-0.25200000000000006,2.1177299166796506
1525.0,1526.010009765625,1500.52001953125,1503.6500244140625,1503.6500244140625,1545500,-1.686,2020-07-28,30,2020,28,Tuesday,-0.25200000000000006,2.1177299166796506
1505.0,1533.3299560546875,1503.010009765625,1523.510009765625,1523.510009765625,1133800,1.321,2020-07-29,30,2020,29,Wednesday,-0.25200000000000006,2.1177299166796506
1497.969970703125,1540.8900146484375,1495.1700439453125,1538.3699951171875,1538.3699951171875,1802100,0.975,2020-07-30,30,2020,30,Thursday,-0.25200000000000006,2.1177299166796506
1497.050048828125,1505.02001953125,1454.0,1487.949951171875,1487.949951171875,4573400,-3.277,2020-07-31,30,2020,31,Friday,-0.25200000000000006,2.1177299166796506
1491.0,1497.72998046875,1471.719970703125,1482.760009765625,1482.760009765625,2274100,-0.349,2020-08-03,31,2020,3,Monday,0.14339999999999997,0.9781294904050282
1486.7099609375,1493.1099853515625,1464.030029296875,1473.300048828125,1473.300048828125,1860600,-0.638,2020-08-04,31,2020,4,Tuesday,0.14339999999999997,0.9781294904050282
1476.8199462890625,1490.0,1471.219970703125,1479.0899658203125,1479.0899658203125,1456700,0.393,2020-08-05,31,2020,5,Wednesday,0.14339999999999997,0.9781294904050282
1476.1500244140625,1506.27001953125,1471.9000244140625,1504.949951171875,1504.949951171875,1665300,1.748,2020-08-06,31,2020,6,Thursday,0.14339999999999997,0.9781294904050282
1509.0400390625,1520.0899658203125,1486.27001953125,1498.3699951171875,1498.3699951171875,1385900,-0.437,2020-08-07,31,2020,7,Friday,0.14339999999999997,0.9781294904050282
1490.800048828125,1507.1500244140625,1477.489990234375,1496.8199462890625,1496.8199462890625,1027300,-0.103,2020-08-10,32,2020,10,Monday,0.08859999999999994,1.1644888578256127
1494.0,1510.43994140625,1478.18994140625,1480.5400390625,1480.5400390625,1554900,-1.088,2020-08-11,32,2020,11,Tuesday,0.08859999999999994,1.1644888578256127
1487.1199951171875,1511.6700439453125,1485.0,1507.239990234375,1507.239990234375,1125600,1.803,2020-08-12,32,2020,12,Wednesday,0.08859999999999994,1.1644888578256127
1508.2099609375,1536.969970703125,1508.2099609375,1516.6500244140625,1516.6500244140625,1119400,0.624,2020-08-13,32,2020,13,Thursday,0.08859999999999994,1.1644888578256127
1513.6099853515625,1519.7900390625,1499.0,1504.6300048828125,1504.6300048828125,1097100,-0.793,2020-08-14,32,2020,14,Friday,0.08859999999999994,1.1644888578256127
1515.969970703125,1523.780029296875,1505.0,1516.239990234375,1516.239990234375,999500,0.772,2020-08-17,33,2020,17,Monday,0.9334,1.3922236889235868
1526.1199951171875,1557.3699951171875,1521.6700439453125,1555.780029296875,1555.780029296875,1418900,2.608,2020-08-18,33,2020,18,Tuesday,0.9334,1.3922236889235868
1552.489990234375,1568.8599853515625,1540.0,1544.6099853515625,1544.6099853515625,1523600,-0.718,2020-08-19,33,2020,19,Wednesday,0.9334,1.3922236889235868
1539.969970703125,1580.1700439453125,1534.4599609375,1576.25,1576.25,1319100,2.048,2020-08-20,33,2020,20,Thursday,0.9334,1.3922236889235868
1571.800048828125,1591.8800048828125,1562.31005859375,1575.5699462890625,1575.5699462890625,1741900,-0.043,2020-08-21,33,2020,21,Friday,0.9334,1.3922236889235868
1592.469970703125,1608.780029296875,1575.0400390625,1585.1500244140625,1585.1500244140625,1281900,0.608,2020-08-24,34,2020,24,Monday,0.8038000000000001,1.2122071605134166
1580.0999755859375,1608.8800048828125,1577.8800048828125,1605.8499755859375,1605.8499755859375,1257500,1.306,2020-08-25,34,2020,25,Tuesday,0.8038000000000001,1.2122071605134166
1606.300048828125,1652.7900390625,1600.97998046875,1644.1300048828125,1644.1300048828125,2609400,2.384,2020-08-26,34,2020,26,Wednesday,0.8038000000000001,1.2122071605134166
1646.6099853515625,1647.989990234375,1618.81005859375,1628.52001953125,1628.52001953125,1567500,-0.949,2020-08-27,34,2020,27,Thursday,0.8038000000000001,1.2122071605134166
1629.469970703125,1641.3499755859375,1625.6099853515625,1639.4300537109375,1639.4300537109375,1120900,0.67,2020-08-28,34,2020,28,Friday,0.8038000000000001,1.2122071605134166
1643.5699462890625,1644.5,1625.3299560546875,1629.530029296875,1629.530029296875,1321100,-0.604,2020-08-31,35,2020,31,Monday,-0.6704,3.5256371480911075
1632.1600341796875,1659.219970703125,1629.530029296875,1655.0799560546875,1655.0799560546875,1132600,1.568,2020-09-01,35,2020,1,Tuesday,-0.6704,3.5256371480911075
1668.010009765625,1726.0999755859375,1660.18994140625,1717.3900146484375,1717.3900146484375,2476100,3.765,2020-09-02,35,2020,2,Wednesday,-0.6704,3.5256371480911075
1699.52001953125,1700.0,1607.7099609375,1629.510009765625,1629.510009765625,3186300,-5.117,2020-09-03,35,2020,3,Thursday,-0.6704,3.5256371480911075
1609.0,1634.989990234375,1537.969970703125,1581.2099609375,1581.2099609375,2792500,-2.964,2020-09-04,35,2020,4,Friday,-0.6704,3.5256371480911075
1525.0,1555.550048828125,1516.5,1523.5999755859375,1523.5999755859375,2701600,-3.643,2020-09-08,36,2020,8,Tuesday,-1.03375,2.1393870422779195
1548.9000244140625,1558.719970703125,1525.1700439453125,1547.22998046875,1547.22998046875,1962100,1.551,2020-09-09,36,2020,9,Wednesday,-1.03375,2.1393870422779195
1550.1800537109375,1573.6600341796875,1520.0,1526.050048828125,1526.050048828125,1651200,-1.369,2020-09-10,36,2020,10,Thursday,-1.03375,2.1393870422779195
1528.1500244140625,1538.699951171875,1493.02001953125,1515.760009765625,1515.760009765625,1535300,-0.674,2020-09-11,36,2020,11,Friday,-1.03375,2.1393870422779195
1531.6500244140625,1557.0,1505.1099853515625,1508.8299560546875,1508.8299560546875,2133000,-0.457,2020-09-14,37,2020,14,Monday,-0.858,1.612836476522031
1527.8900146484375,1550.989990234375,1522.0999755859375,1535.1199951171875,1535.1199951171875,1152100,1.742,2020-09-15,37,2020,15,Tuesday,-0.858,1.612836476522031
1542.47998046875,1554.3699951171875,1511.5899658203125,1512.0899658203125,1512.0899658203125,1106400,-1.5,2020-09-16,37,2020,16,Wednesday,-0.858,1.612836476522031
1485.81005859375,1498.6600341796875,1462.4599609375,1487.0400390625,1487.0400390625,2000400,-1.657,2020-09-17,37,2020,17,Thursday,-0.858,1.612836476522031
1488.300048828125,1495.199951171875,1431.6199951171875,1451.0899658203125,1451.0899658203125,3152800,-2.418,2020-09-18,37,2020,18,Friday,-0.858,1.612836476522031
1431.6199951171875,1440.06005859375,1402.6800537109375,1430.1400146484375,1430.1400146484375,2845400,-1.444,2020-09-21,38,2020,21,Monday,-0.14579999999999999,2.260130239610098
1450.3199462890625,1463.969970703125,1429.5,1459.8199462890625,1459.8199462890625,1697500,2.075,2020-09-22,38,2020,22,Tuesday,-0.14579999999999999,2.260130239610098
1452.0899658203125,1453.0799560546875,1402.6800537109375,1409.3900146484375,1409.3900146484375,1886300,-3.455,2020-09-23,38,2020,23,Wednesday,-0.14579999999999999,2.260130239610098
1402.6800537109375,1437.989990234375,1402.1500244140625,1422.8599853515625,1422.8599853515625,1727600,0.956,2020-09-24,38,2020,24,Thursday,-0.14579999999999999,2.260130239610098
1425.050048828125,1445.93994140625,1407.6800537109375,1439.06005859375,1439.06005859375,1516300,1.139,2020-09-25,38,2020,25,Friday,-0.14579999999999999,2.260130239610098
1471.989990234375,1472.989990234375,1446.280029296875,1458.6600341796875,1458.6600341796875,1539200,1.362,2020-09-28,39,2020,28,Monday,0.2378000000000001,1.488110446169907
1463.9100341796875,1472.0,1454.0,1466.02001953125,1466.02001953125,1590800,0.505,2020-09-29,39,2020,29,Tuesday,0.2378000000000001,1.488110446169907
1460.93994140625,1486.199951171875,1455.760009765625,1465.5999755859375,1465.5999755859375,2046200,-0.029,2020-09-30,39,2020,30,Wednesday,0.2378000000000001,1.488110446169907
1483.6600341796875,1495.0699462890625,1476.800048828125,1487.9000244140625,1487.9000244140625,1644200,1.522,2020-10-01,39,2020,1,Thursday,0.2378000000000001,1.488110446169907
1459.6300048828125,1479.030029296875,1447.3499755859375,1455.5999755859375,1455.5999755859375,1561100,-2.171,2020-10-02,39,2020,2,Friday,0.2378000000000001,1.488110446169907
1462.6500244140625,1484.699951171875,1460.0899658203125,1482.8299560546875,1482.8299560546875,1080100,1.871,2020-10-05,40,2020,5,Monday,0.7544000000000001,1.707185930120091
1475.5,1484.52001953125,1445.010009765625,1451.02001953125,1451.02001953125,1304800,-2.145,2020-10-06,40,2020,6,Tuesday,0.7544000000000001,1.707185930120091
1459.31005859375,1468.969970703125,1433.22998046875,1459.1400146484375,1459.1400146484375,1805400,0.56,2020-10-07,40,2020,7,Wednesday,0.7544000000000001,1.707185930120091
1465.449951171875,1488.030029296875,1465.449951171875,1483.4300537109375,1483.4300537109375,1303800,1.665,2020-10-08,40,2020,8,Thursday,0.7544000000000001,1.707185930120091
1492.8599853515625,1511.8499755859375,1487.0,1510.449951171875,1510.449951171875,1648300,1.821,2020-10-09,40,2020,9,Friday,0.7544000000000001,1.707185930120091
1538.0,1588.4200439453125,1529.300048828125,1564.5899658203125,1564.5899658203125,2767200,3.584,2020-10-12,41,2020,12,Monday,0.7573999999999999,1.6533135818712672
1577.010009765625,1585.1600341796875,1558.6300048828125,1567.0699462890625,1567.0699462890625,1953600,0.159,2020-10-13,41,2020,13,Tuesday,0.7573999999999999,1.6533135818712672
1574.5999755859375,1583.8499755859375,1545.9000244140625,1563.43994140625,1563.43994140625,1658700,-0.232,2020-10-14,41,2020,14,Wednesday,0.7573999999999999,1.6533135818712672
1544.5,1571.4000244140625,1541.1300048828125,1555.469970703125,1555.469970703125,1560500,-0.51,2020-10-15,41,2020,15,Thursday,0.7573999999999999,1.6533135818712672
1561.8299560546875,1577.7099609375,1557.6600341796875,1567.699951171875,1567.699951171875,1709700,0.786,2020-10-16,41,2020,16,Friday,0.7573999999999999,1.6533135818712672
1575.9300537109375,1583.9300537109375,1522.9200439453125,1529.949951171875,1529.949951171875,1486700,-2.408,2020-10-19,42,2020,19,Monday,0.833,1.8495968479644422
1523.1099853515625,1573.8399658203125,1520.5,1551.0799560546875,1551.0799560546875,2083500,1.381,2020-10-20,42,2020,20,Tuesday,0.833,1.8495968479644422
1569.8499755859375,1615.1400146484375,1567.1400146484375,1585.989990234375,1585.989990234375,3016100,2.251,2020-10-21,42,2020,21,Wednesday,0.833,1.8495968479644422
1585.0,1613.4200439453125,1577.47998046875,1606.6600341796875,1606.6600341796875,1525600,1.303,2020-10-22,42,2020,22,Thursday,0.833,1.8495968479644422
1615.050048828125,1634.1199951171875,1611.9100341796875,1632.97998046875,1632.97998046875,1527400,1.638,2020-10-23,42,2020,23,Friday,0.833,1.8495968479644422
1615.0,1629.5799560546875,1567.780029296875,1584.2900390625,1584.2900390625,1791300,-2.982,2020-10-26,43,2020,26,Monday,-0.14320000000000013,3.9924939198450886
1588.9300537109375,1602.0,1576.989990234375,1598.8800048828125,1598.8800048828125,1295100,0.921,2020-10-27,43,2020,27,Tuesday,-0.14320000000000013,3.9924939198450886
1550.010009765625,1553.81005859375,1508.47998046875,1510.800048828125,1510.800048828125,2258700,-5.509,2020-10-28,43,2020,28,Wednesday,-0.14320000000000013,3.9924939198450886
1517.02001953125,1588.739990234375,1516.550048828125,1556.8800048828125,1556.8800048828125,2770300,3.05,2020-10-29,43,2020,29,Thursday,-0.14320000000000013,3.9924939198450886
1667.43994140625,1681.3199462890625,1601.5699462890625,1616.1099853515625,1616.1099853515625,4993900,3.804,2020-10-30,43,2020,30,Friday,-0.14320000000000013,3.9924939198450886
1623.5400390625,1658.239990234375,1614.239990234375,1624.3199462890625,1624.3199462890625,2211400,0.508,2020-11-02,44,2020,2,Monday,1.7414,2.4910238457309073
1630.760009765625,1659.0,1612.1099853515625,1645.6600341796875,1645.6600341796875,1571600,1.314,2020-11-03,44,2020,3,Tuesday,1.7414,2.4910238457309073
1705.5799560546875,1770.030029296875,1703.0,1745.8499755859375,1745.8499755859375,3567100,6.088,2020-11-04,44,2020,4,Wednesday,1.7414,2.4910238457309073
1770.449951171875,1791.8199462890625,1741.030029296875,1762.5,1762.5,1987900,0.954,2020-11-05,44,2020,5,Thursday,1.7414,2.4910238457309073
1751.3399658203125,1768.5,1736.6800537109375,1759.72998046875,1759.72998046875,1431100,-0.157,2020-11-06,44,2020,6,Friday,1.7414,2.4910238457309073
1795.97998046875,1816.8900146484375,1757.550048828125,1761.4200439453125,1761.4200439453125,2672000,0.096,2020-11-09,45,2020,9,Monday,0.1468,1.1100241889256288
1729.77001953125,1759.3800048828125,1716.1199951171875,1737.719970703125,1737.719970703125,2151100,-1.346,2020-11-10,45,2020,10,Tuesday,0.1468,1.1100241889256288
1748.4000244140625,1762.9000244140625,1743.06005859375,1747.22998046875,1747.22998046875,1591900,0.547,2020-11-11,45,2020,11,Wednesday,0.1468,1.1100241889256288
1742.0,1764.97998046875,1737.969970703125,1742.8199462890625,1742.8199462890625,1323700,-0.252,2020-11-12,45,2020,12,Thursday,0.1468,1.1100241889256288
1748.0,1777.1300048828125,1735.97998046875,1772.260009765625,1772.260009765625,1487200,1.689,2020-11-13,45,2020,13,Friday,0.1468,1.1100241889256288
1764.1400146484375,1794.3399658203125,1761.3299560546875,1774.030029296875,1774.030029296875,1273400,0.1,2020-11-16,46,2020,16,Monday,-0.40440000000000004,0.9688788882001712
1767.8599853515625,1777.1400146484375,1759.489990234375,1761.6600341796875,1761.6600341796875,1065700,-0.697,2020-11-17,46,2020,17,Tuesday,-0.40440000000000004,0.9688788882001712
1756.6400146484375,1765.0,1738.5699462890625,1740.6400146484375,1740.6400146484375,1005400,-1.193,2020-11-18,46,2020,18,Wednesday,-0.40440000000000004,0.9688788882001712
1733.22998046875,1763.489990234375,1730.02001953125,1758.5699462890625,1758.5699462890625,1005300,1.03,2020-11-19,46,2020,19,Thursday,-0.40440000000000004,0.9688788882001712
1762.0,1768.3599853515625,1735.0,1736.3800048828125,1736.3800048828125,1384700,-1.262,2020-11-20,46,2020,20,Friday,-0.40440000000000004,0.9688788882001712
1740.219970703125,1745.989990234375,1710.1800537109375,1727.56005859375,1727.56005859375,1126500,-0.508,2020-11-23,47,2020,23,Monday,0.72675,1.1912445522785544
1727.5,1766.47998046875,1720.72998046875,1763.9000244140625,1763.9000244140625,1399200,2.104,2020-11-24,47,2020,24,Tuesday,0.72675,1.1912445522785544
1767.81005859375,1770.3800048828125,1748.3599853515625,1764.1300048828125,1764.1300048828125,980000,0.013,2020-11-25,47,2020,25,Wednesday,0.72675,1.1912445522785544
1764.5400390625,1797.010009765625,1764.5400390625,1787.02001953125,1787.02001953125,739500,1.298,2020-11-27,47,2020,27,Friday,0.72675,1.1912445522785544
1775.6500244140625,1780.3399658203125,1747.8399658203125,1754.4000244140625,1754.4000244140625,1620900,-1.825,2020-11-30,48,2020,30,Monday,0.4184,1.6330467843880039
1766.6600341796875,1821.719970703125,1763.030029296875,1795.3599853515625,1795.3599853515625,1867500,2.335,2020-12-01,48,2020,1,Tuesday,0.4184,1.6330467843880039
1795.3599853515625,1832.739990234375,1785.1700439453125,1824.969970703125,1824.969970703125,1471200,1.649,2020-12-02,48,2020,2,Wednesday,0.4184,1.6330467843880039
1820.5400390625,1843.8299560546875,1817.0,1821.8399658203125,1821.8399658203125,1236400,-0.172,2020-12-03,48,2020,3,Thursday,0.4184,1.6330467843880039
1820.219970703125,1829.5,1813.5899658203125,1823.760009765625,1823.760009765625,1027200,0.105,2020-12-04,48,2020,4,Friday,0.4184,1.6330467843880039
1815.550048828125,1829.2900390625,1803.0400390625,1817.030029296875,1817.030029296875,1114400,-0.369,2020-12-07,49,2020,7,Monday,-0.5402,0.819065443050798
1808.52001953125,1815.969970703125,1791.280029296875,1811.3299560546875,1811.3299560546875,996800,-0.314,2020-12-08,49,2020,8,Tuesday,-0.5402,0.819065443050798
1810.3599853515625,1828.3699951171875,1762.0,1777.8599853515625,1777.8599853515625,1586400,-1.848,2020-12-09,49,2020,9,Wednesday,-0.5402,0.819065443050798
1762.5999755859375,1774.989990234375,1733.530029296875,1767.6500244140625,1767.6500244140625,1434400,-0.574,2020-12-10,49,2020,10,Thursday,-0.5402,0.819065443050798
1760.0,1777.31005859375,1752.739990234375,1774.800048828125,1774.800048828125,931400,0.404,2020-12-11,49,2020,11,Friday,-0.5402,0.819065443050798
1770.719970703125,1789.800048828125,1749.1300048828125,1752.260009765625,1752.260009765625,1652500,-1.27,2020-12-14,50,2020,14,Monday,-0.5516,0.7014412306102343
1759.8599853515625,1764.0,1741.6700439453125,1761.0799560546875,1761.0799560546875,1067600,0.503,2020-12-15,50,2020,15,Tuesday,-0.5516,0.7014412306102343
1769.1099853515625,1769.1099853515625,1749.06005859375,1757.18994140625,1757.18994140625,1233800,-0.221,2020-12-16,50,2020,16,Wednesday,-0.5516,0.7014412306102343
1763.9300537109375,1766.7099609375,1731.1500244140625,1740.510009765625,1740.510009765625,1744000,-0.949,2020-12-17,50,2020,17,Thursday,-0.5516,0.7014412306102343
1746.1700439453125,1748.3599853515625,1715.0,1726.219970703125,1726.219970703125,4262800,-0.821,2020-12-18,50,2020,18,Friday,-0.5516,0.7014412306102343
1709.1300048828125,1737.0,1694.0,1734.56005859375,1734.56005859375,1698700,0.483,2020-12-21,51,2020,21,Monday,0.11625000000000002,0.6319194964550469
1729.3299560546875,1732.6099853515625,1705.780029296875,1720.219970703125,1720.219970703125,1018500,-0.827,2020-12-22,51,2020,22,Tuesday,0.11625000000000002,0.6319194964550469
1723.9300537109375,1744.1099853515625,1721.199951171875,1728.22998046875,1728.22998046875,1148700,0.466,2020-12-23,51,2020,23,Wednesday,0.11625000000000002,0.6319194964550469
1729.0,1742.4100341796875,1724.3499755859375,1734.1600341796875,1734.1600341796875,465600,0.343,2020-12-24,51,2020,24,Thursday,0.11625000000000002,0.6319194964550469
1744.9100341796875,1787.0,1741.8199462890625,1773.9599609375,1773.9599609375,1382500,2.295,2020-12-28,52,2020,28,Monday,0.05266666666666664,1.9481335512057003
1787.22998046875,1788.469970703125,1755.1099853515625,1757.760009765625,1757.760009765625,986300,-0.913,2020-12-29,52,2020,29,Tuesday,0.05266666666666664,1.9481335512057003
1765.0,1767.760009765625,1728.0,1736.25,1736.25,1051300,-1.224,2020-12-30,52,2020,30,Wednesday,0.05266666666666664,1.9481335512057003
